sgrna,Gene,control_count,treatment_count,control_mean,treat_mean,LFC,control_var,adj_var,score,p.low,p.high,p.twosided,FDR,high_in_treatment
4|sg_hHSF2_P1P2_3|HSF2,HSF2,1221.9,26053,1221.9,26053,4.4132,3.0831e+08,8311.5,272.37,1,0,0,0,True
4|sg_hFCAMR_P1P2_2|FCAMR,FCAMR,702.71,1294.6,702.71,1294.6,0.88062,1.7519e+05,4473.9,8.8498,1,4.3858e-19,8.7715e-19,4.8863e-16,True
4|sg_hFCAMR_P1P2_4|FCAMR,FCAMR,715.14,1039.5,715.14,1039.5,0.53896,52604,4562.5,4.802,1,7.8549e-07,1.571e-06,0.00014355,True
4|sg_hSIX3_P1P2_5|SIX3,SIX3,623.35,912.44,623.35,912.44,0.54895,41787,3912.6,4.6217,1,1.903e-06,3.8061e-06,0.00028419,True
4|sg_hFCAMR_P1P2_5|FCAMR,FCAMR,242.84,388.5,242.84,388.5,0.67568,10608,1364.6,3.943,0.99996,4.0234e-05,8.0468e-05,0.002808,True
4|sg_hGSTM3_P1P2_5|GSTM3,GSTM3,432.14,628.95,432.14,628.95,0.54039,19366,2597.5,3.8615,0.99994,5.6344e-05,0.00011269,0.0036104,True
4|sg_hSIX3_P1P2_4|SIX3,SIX3,1058.4,1374.4,1058.4,1374.4,0.3767,49953,7076.2,3.7575,0.99991,8.5818e-05,0.00017164,0.0048648,True
4|sg_hGSTM3_P1P2_1|GSTM3,GSTM3,359.48,525,359.48,525,0.54513,13698,2114.6,3.5994,0.99984,0.00015948,0.00031895,0.0074585,True
4|sg_hGSTM3_P1P2_4|GSTM3,GSTM3,819.35,1033.2,819.35,1033.2,0.3342,22865,5312.8,2.9339,0.99833,0.0016739,0.0033478,0.035734,True
4|sg_hGSTM3_P1P2_3|GSTM3,GSTM3,305.94,421.05,305.94,421.05,0.45945,6624.8,1766,2.7391,0.99692,0.0030807,0.0061614,0.052877,True
4|sg_hSIX3_P1P2_3|SIX3,SIX3,343.23,460.95,343.23,460.95,0.42437,6929,2008.1,2.627,0.99569,0.0043069,0.0086138,0.065477,True
4|sg_hSIX3_P1P2_1|SIX3,SIX3,462.74,600.6,462.74,600.6,0.37549,9502.9,2803.9,2.6035,0.99539,0.0046136,0.0092272,0.06835,True
4|sg_hSIX3_P1P2_2|SIX3,SIX3,528.7,656.25,528.7,656.25,0.31125,8133.5,3254.4,2.2357,0.98732,0.012685,0.02537,0.1276,True
4|sg_hFCAMR_P1P2_1|FCAMR,FCAMR,741.91,838.94,741.91,838.94,0.17712,4708.3,4754.1,1.4074,0.92034,0.079656,0.15931,0.38031,True
4|sg_hHSF2_P1P2_1|HSF2,HSF2,575.55,494.55,575.55,494.55,-0.21843,3280.8,3578.5,1.3541,0.087852,0.91215,0.1757,0.40219,False
4|sg_hHSF2_P1P2_2|HSF2,HSF2,504.8,573.3,504.8,573.3,0.18322,2345.8,3090.4,1.2321,0.89105,0.10895,0.21791,0.45462,True
4|sg_hFCAMR_P1P2_3|FCAMR,FCAMR,607.1,534.45,607.1,534.45,-0.18357,2639.3,3798.7,1.1788,0.11924,0.88076,0.23847,0.47863,False
4|sg_hGSTM3_P1P2_2|GSTM3,GSTM3,502.89,478.8,502.89,478.8,-0.070684,290.23,3077.3,0.43431,0.33203,0.66797,0.66406,0.82783,False
4|sg_hHSF2_P1P2_5|HSF2,HSF2,348.96,329.7,348.96,329.7,-0.08169,185.58,2045.6,0.42596,0.33507,0.66493,0.67014,0.83144,False
4|sg_hHSF2_P1P2_4|HSF2,HSF2,823.17,795.9,823.17,795.9,-0.048554,372,5340.6,0.37324,0.35448,0.64552,0.70897,0.85551,False
