gene,enrichment_rank,median_log2_fold_change,enrichment_RRA_score,enrichment_p_value,enrichment_FDR,depletion_FDR,SplicR_two_direction_FDR,guides,guides_with_positive_LFC,max_absolute_guide_effect_share,flags,flag_details,control_normalization_enrichment_rank,control_normalization_log2_fold_change,control_normalization_enrichment_FDR,published_RRA_score,published_plot_order
SIX3,1,0.3767,1.9097e-05,0.00010025,0.908761,0.999981,1.0,5,5,0.2695212003377914,,,1,0.3809,0.720014,1.931e-05,1
HSF2,2,-0.048554,2.3504e-05,0.00012171,0.908761,0.996589,1.0,5,2,0.892440062817815,single_guide,"One guide carries 89% of the gene-level signal, of 5 guides.",2,-0.044351,0.720014,2.5176e-05,2
PPIP5K1,3,0.30212,2.794e-05,0.00028137,0.908761,0.997167,1.0,15,11,0.20081588607025772,,,3,0.30632,0.720014,0.00016809,14
PITPNC1,4,0.38996,6.1998e-05,0.00029341,0.908761,0.996589,1.0,5,3,0.49458231387626705,,,4,0.39416,0.720014,6.0824e-05,3
C4orf51,5,-0.22908,7.0511e-05,0.0003311,0.908761,0.984388,1.0,5,2,0.7793540052112009,single_guide,"One guide carries 78% of the gene-level signal, of 5 guides.",5,-0.22487,0.720014,7.5528e-05,4
OSGEPL1,6,0.36661,8.0957e-05,0.0003803,0.908761,0.999684,1.0,5,5,0.45604449426951255,,,6,0.37081,0.720014,8.1048e-05,5
SOX2,7,0.2601,8.9691e-05,0.00042428,0.908761,0.996589,1.0,5,3,0.4466762860489067,,,7,0.2643,0.720014,9.7168e-05,6
FCAMR,8,0.53896,0.00011415,0.00054363,0.908761,0.996589,1.0,5,4,0.35856593171685097,,,9,0.54317,0.720014,0.00012193,7
MRPL53,9,0.12362,0.00011752,0.00055724,0.908761,0.996589,1.0,5,4,0.8397730673995265,single_guide; frequent_hitter,"One guide carries 84% of the gene-level signal, of 5 guides. | Pan-essential in DepMap: real, but not specific to this condition.",8,0.12782,0.720014,0.00012588,8
GSTM3,10,0.45945,0.00013275,0.00063052,0.908761,0.997436,1.0,5,4,0.2795747784193073,,,11,0.46364,0.720014,0.00013884,9
RBM6,11,0.43632,0.00014103,0.00067083,0.908761,0.998085,1.0,5,4,0.2874437764479471,,,10,0.44052,0.720014,0.00014086,10
TGFB2,12,0.43195,0.00014513,0.00068915,0.908761,0.998998,1.0,5,5,0.2784849569906874,,,12,0.43615,0.720014,0.00015225,11
HDHD2,13,0.61958,0.00014868,0.00070643,0.908761,0.996589,1.0,5,4,0.33609015111005486,,,13,0.62378,0.720014,0.00015757,12
SAC3D1,14,-0.03538,0.00016452,0.00077867,0.908761,0.996589,1.0,5,2,0.8690278065942992,single_guide,"One guide carries 87% of the gene-level signal, of 5 guides.",15,-0.031175,0.720014,0.00017622,15
PTGDR,15,0.36811,0.00016645,0.00078966,0.908761,0.998363,1.0,5,5,0.3767149451869045,,,14,0.37231,0.720014,0.00016759,13
FEZ2,16,0.090956,0.00018906,0.00090273,0.908761,0.996589,1.0,5,4,0.7467089664837339,single_guide,"One guide carries 75% of the gene-level signal, of 5 guides.",16,0.095159,0.720014,0.0001986,16
ZNF510,17,0.13499,0.00021152,0.001009,0.908761,0.996589,1.0,5,3,0.8291865424024606,single_guide,"One guide carries 83% of the gene-level signal, of 5 guides.",18,0.13919,0.720014,0.00022657,18
ERLEC1,18,0.29233,0.00022066,0.0010514,0.908761,0.997167,1.0,5,4,0.5301591046431735,,,17,0.29653,0.720014,0.00021308,17
DYRK4,19,0.29879,0.00022239,0.0010629,0.908761,0.999825,1.0,5,5,0.2415361592081599,,,19,0.30299,0.720014,0.00023063,19
TNFSF8,20,0.4166,0.00024475,0.0011639,0.908761,0.996589,1.0,5,4,0.3040215771945091,,,20,0.4208,0.720014,0.00024481,20
IAPP,21,0.34672,0.00024844,0.0011776,0.908761,0.999825,1.0,5,5,0.2776674103731777,,,21,0.35092,0.720014,0.0002513,21
RND2,22,0.599,0.0002508,0.001187,0.908761,0.996589,1.0,5,3,0.40290326573860996,,,22,0.6032,0.720014,0.00026226,22
RPGRIP1,23,0.26192,0.00026149,0.0019088,0.908761,0.99827,1.0,10,9,0.20936739668410873,,,23,0.26612,0.720014,0.00027276,23
FAIM3,24,0.48754,0.00028916,0.0013686,0.908761,0.996589,1.0,5,4,0.2720541616603191,,,25,0.49174,0.720014,0.00029423,24
OR5P3,25,0.27455,0.0002929,0.0013822,0.908761,0.999825,1.0,5,5,0.34612006580981947,,,26,0.27875,0.720014,0.00030112,25
RAC3,26,0.61813,0.00029433,0.0013896,0.908761,0.999684,1.0,5,5,0.2955636060163496,,,28,0.62233,0.720014,0.0003081,26
PCSK6,27,-0.15739,0.00030552,0.0014419,0.908761,0.984388,1.0,5,1,0.7341510310465367,single_guide,"One guide carries 73% of the gene-level signal, of 5 guides.",27,-0.15321,0.720014,0.00032725,30
LRRC4C,28,0.32068,0.00030866,0.0022219,0.908761,0.996589,1.0,10,7,0.15927559189964466,,,31,0.32488,0.720014,0.00032114,28
IGSF23,29,0.28305,0.00031737,0.0014995,0.908761,0.999825,1.0,5,5,0.2701182807054599,,,32,0.28725,0.720014,0.00033185,31
TEX101,30,0.14566,0.00031961,0.0023025,0.908761,0.996589,1.0,10,6,0.3963406383072046,,,29,0.14987,0.720014,0.00031715,27
C10orf55,31,0.4158,0.00032169,0.001521,0.908761,0.991893,1.0,5,3,0.31462826266176463,,,30,0.42,0.720014,0.00032121,29
AP3M1,32,0.26128,0.00032218,0.001523,0.908761,0.996589,1.0,5,4,0.46025645945605154,,,24,0.26549,0.720014,0.0066256,513
ARHGAP23,33,0.2358,0.00034945,0.0016414,0.908761,0.999825,1.0,5,5,0.2968941672852287,,,33,0.24,0.720014,0.00035033,32
SLC24A1,34,0.25946,0.00036259,0.0025768,0.908761,0.996589,1.0,10,8,0.6085533608823702,single_guide,"One guide carries 61% of the gene-level signal, of 10 guides.",34,0.26366,0.720014,0.00035501,33
ULBP1,35,0.39417,0.00037499,0.0017654,0.908761,0.991893,1.0,5,4,0.30727222212575317,,,35,0.39837,0.720014,0.00036674,34
CLCA2,36,0.093514,0.00039951,0.0018649,0.908761,0.996589,1.0,5,3,0.824259814209147,single_guide,"One guide carries 82% of the gene-level signal, of 5 guides.",37,0.097718,0.720014,0.00042793,39
IFNA5,37,0.42415,0.00040141,0.0018733,0.908761,0.984388,1.0,5,4,0.43859491740462125,,,39,0.42835,0.720014,0.00041575,37
AIFM2,38,0.40258,0.0004052,0.0018921,0.908761,0.996589,1.0,5,3,0.3082274009977631,,,36,0.40679,0.720014,0.00039497,35
TAGLN,39,0.28781,0.0004125,0.0028961,0.908761,0.99827,1.0,10,9,0.20360372406509572,,,38,0.29201,0.720014,0.00040786,36
TMEM31,40,0.39697,0.00041884,0.0019492,0.908761,0.998085,1.0,5,4,0.38584845858362593,,,41,0.40118,0.720014,0.00042975,40
DNAH2,41,0.50112,0.00042394,0.0019753,0.908761,0.996589,1.0,5,4,0.45798256356437245,,,40,0.50532,0.720014,0.00042636,38
IGF2BP3,42,0.32683,0.00043324,0.0020167,0.908761,0.999825,1.0,5,5,0.2733170354255212,,,44,0.33103,0.720014,0.00044995,42
CHD6,43,0.38727,0.0004395,0.0020439,0.908761,0.998945,1.0,5,5,0.32398730632816874,,,42,0.39148,0.720014,0.00044092,41
ZFHX3,44,-0.26873,0.0004465,0.0020769,0.908761,0.984388,1.0,5,1,0.748009594259569,single_guide,"One guide carries 75% of the gene-level signal, of 5 guides.",43,-0.26453,0.720014,0.00047827,44
ZNF396,45,0.31894,0.00046388,0.0021554,0.908761,0.999825,1.0,5,5,0.3988920361968265,,,45,0.32314,0.720014,0.00046474,43
CD59,46,0.23816,0.00047704,0.0033364,0.908761,0.996589,1.0,10,7,0.23539804260904967,,,46,0.24236,0.720014,0.00048227,45
CCDC87,47,0.4946,0.00049001,0.0022805,0.908761,0.996589,1.0,5,4,0.3001892876048702,,,47,0.4988,0.720014,0.00048887,46
ZCWPW1,48,-0.13186,0.0004935,0.0022936,0.908761,0.996589,1.0,5,2,0.7762116455309876,single_guide,"One guide carries 78% of the gene-level signal, of 5 guides.",48,-0.12766,0.720014,0.0005286,48
ASXL1,49,0.24082,0.00051269,0.0023664,0.908761,0.999825,1.0,5,5,0.39084620188314323,,,49,0.24502,0.720014,0.00051642,47
MOB3C,50,-0.047012,0.00054048,0.0024821,0.908761,0.996589,1.0,5,2,0.8689414770117475,single_guide,"One guide carries 87% of the gene-level signal, of 5 guides.",50,-0.042812,0.720014,0.00057893,51
