comparison,gene_symbol,lfc,fdr,depleted_fdr,enriched_fdr,drugz_fdr,norm_z,mle_beta,mle_fdr
Essentiality ICSBCS002,AKT2,0.073938,1,0.999767,0.999995,,,-0.20156,0.84242
Essentiality ICSBCS002,ERBB2,1.2833,0.673914,0.999767,0.336957,,,1.0068,0.25484
Essentiality ICSBCS002,FGFR1,0.69398,1,0.999767,0.956505,,,0.45751,0.9446
Essentiality ICSBCS002,LIMK2,-0.11378,1,0.999767,0.97458,,,0.36955,0.96075
Essentiality ICSBCS002,PCNA,-5.2513,0.046032,0.023016,0.999995,,,-1.1935,0.20727
Essentiality ICSBCS002,POLR2A,-2.9215,0.023666,0.011833,0.999995,,,-1.3275,0.014286
Essentiality ICSBCS002,PRKCG,0.17915,1,0.999767,0.999995,,,0.30428,0.97905
Essentiality ICSBCS002,RAF1,0.87801,1,0.999767,0.664813,,,0.60721,0.83191
Essentiality ICSBCS002,RPA3,-5.888,0.009362,0.004681,0.999995,,,-2.6594,0.014286
Gefitinib ICSBCS002,AKT2,-1.6895,0.373786,0.186893,0.999946,0.325,-2.79,-1.1915,0.044444
Gefitinib ICSBCS002,ERBB2,-1.6759,0.467638,0.233819,0.999946,0.0128,-4.05,-1.2595,0.028571
Gefitinib ICSBCS002,FGFR1,-1.2072,1,0.802554,0.994,0.268,-2.94,-0.94466,0.14545
Gefitinib ICSBCS002,LIMK2,-0.18975,1,0.970866,0.995876,0.959,-0.71,-0.23025,0.99514
Gefitinib ICSBCS002,PCNA,0.13496,0.467638,0.233819,0.979849,0.325,-2.69,-0.87381,0.66667
Gefitinib ICSBCS002,POLR2A,-1.5659,0.637136,0.318568,0.995876,0.333,-2.55,-0.94362,0.1
Gefitinib ICSBCS002,PRKCG,-0.41418,1,0.970866,0.979849,0.959,-0.71,-0.092574,0.99878
Gefitinib ICSBCS002,RAF1,-0.69576,1,0.970866,0.995876,0.959,-1.44,-0.46827,0.86882
Gefitinib ICSBCS002,RPA3,-0.76586,1,0.856073,0.918356,0.954,0.13,0.15583,0.99878
Trametinib ICSBCS002,AKT2,-0.29449,1,0.991746,0.99652,0.961,-0.88,-0.21089,0.85395
Trametinib ICSBCS002,ERBB2,-0.20081,1,0.991746,0.992891,0.944,0.05,-0.016688,0.98894
Trametinib ICSBCS002,FGFR1,0.49077,1,0.991746,0.92564,0.919,1.56,0.35591,0.70423
Trametinib ICSBCS002,LIMK2,-0.22717,1,0.991746,0.992891,0.974,-0.64,-0.26996,0.79412
Trametinib ICSBCS002,PCNA,-1.1815,1,0.900577,0.99652,0.797,-1.88,-0.7252,0.37333
Trametinib ICSBCS002,POLR2A,-0.7249,1,0.900577,0.992891,0.797,-1.97,-0.69737,0.028571
Trametinib ICSBCS002,PRKCG,-1.107,0.39459,0.197295,0.999272,0.218,-3.3,-0.83022,0
Trametinib ICSBCS002,RAF1,-0.37647,1,0.991746,0.997015,0.797,-1.75,-0.31107,0.72911
Trametinib ICSBCS002,RPA3,-1.5543,1,0.584345,0.878876,0.974,-0.49,-0.42859,0.70423
Essentiality ICSBCS007,AKT2,0.021511,1,0.999995,0.999995,,,0.066663,0.91022
Essentiality ICSBCS007,ERBB2,-0.73482,0.122132,0.061066,0.797007,,,-0.33421,0.58207
Essentiality ICSBCS007,FGFR1,-0.023662,1,0.999995,0.975465,,,-0.075942,0.91022
Essentiality ICSBCS007,LIMK2,0.40742,1,0.999995,0.797007,,,0.28285,0.39059
Essentiality ICSBCS007,PCNA,-2.2884,0.01439,0.007195,0.999995,,,-1.6177,0.0071429
Essentiality ICSBCS007,POLR2A,-2.3575,0.00257,0.001285,0.999995,,,-1.4547,0
Essentiality ICSBCS007,PRKCG,-0.022815,1,0.999995,0.999995,,,0.034173,0.94416
Essentiality ICSBCS007,RAF1,0.27017,1,0.999995,0.797007,,,0.1829,0.69189
Essentiality ICSBCS007,RPA3,-2.4026,0.018132,0.009066,0.999995,,,-1.1894,0.054054
Gefitinib ICSBCS007,AKT2,-0.56881,1,0.714663,0.999391,0.922,-2.21,-0.30323,0.38182
Gefitinib ICSBCS007,ERBB2,-0.33933,1,0.977133,0.999391,0.922,-1.26,-0.2372,0.57455
Gefitinib ICSBCS007,FGFR1,-0.59637,1,0.714663,0.999391,0.922,-0.85,-0.14624,0.79432
Gefitinib ICSBCS007,LIMK2,-0.63713,0.820388,0.410194,0.999391,0.226,-3.11,-0.41652,0
Gefitinib ICSBCS007,PCNA,0.49764,0.820388,0.410194,0.972912,0.95,0.55,0.21119,0.79432
Gefitinib ICSBCS007,POLR2A,0.27938,1,0.977133,0.972912,0.0129,3.65,0.27893,0.34737
Gefitinib ICSBCS007,PRKCG,0.2756,1,0.999995,0.972912,0.95,0.63,0.12949,0.79432
Gefitinib ICSBCS007,RAF1,-0.047228,1,0.954314,0.999391,0.922,-0.2,-0.033028,0.98157
Gefitinib ICSBCS007,RPA3,-0.86802,0.97047,0.485235,0.999391,0.19,-3.36,-0.81497,0
Trametinib ICSBCS007,AKT2,-0.075142,1,0.982376,0.999995,0.933,-1.03,-0.14831,0.8303
Trametinib ICSBCS007,ERBB2,0.046115,1,0.982376,0.98587,0.933,-1.36,-0.20631,0.68056
Trametinib ICSBCS007,FGFR1,-0.61016,1,0.895752,0.990029,0.933,-1.77,-0.29903,0.49655
Trametinib ICSBCS007,LIMK2,-0.46611,1,0.982376,0.98587,0.933,-1.69,-0.21537,0.65312
Trametinib ICSBCS007,PCNA,-0.238,1,0.982376,0.98587,0.948,0.45,0.046675,0.99301
Trametinib ICSBCS007,POLR2A,0.69867,0.597694,0.982376,0.298847,0.0568,3.2,0.56519,0
Trametinib ICSBCS007,PRKCG,0.2678,1,0.982376,0.976997,0.948,0.69,0.13314,0.85325
Trametinib ICSBCS007,RAF1,-0.6141,0.014564,0.007282,0.999995,0.00301,-4.37,-0.51244,0.033333
Trametinib ICSBCS007,RPA3,0.17687,0.426376,0.213188,0.98587,0.933,-1.16,-0.20262,0.82791
