file,guide_id,deposited_gene,reference_gene
2d_crispr_screen_read_counts.txt,chr1:220936259-220936278_MARC2_-,2-Mar,MARC2
2d_crispr_screen_read_counts.txt,chr1:220936298-220936317_MARC2_-,2-Mar,MARC2
2d_crispr_screen_read_counts.txt,chr1:220960306-220960325_MARC1_-,1-Mar,MARC1
2d_crispr_screen_read_counts.txt,chr1:220970054-220970073_MARC1_+,1-Mar,MARC1
2d_crispr_screen_read_counts.txt,chr1:220978581-220978600_MARC1_+,1-Mar,MARC1
2d_crispr_screen_read_counts.txt,chr1:87333752-87333771_SEP15_-,15-Sep,SEP15
2d_crispr_screen_read_counts.txt,chr1:87346347-87346366_SEP15_-,15-Sep,SEP15
2d_crispr_screen_read_counts.txt,chr1:87368990-87369009_SEP15_-,15-Sep,SEP15
2d_crispr_screen_read_counts.txt,chr1:87379733-87379752_SEP15_+,15-Sep,SEP15
2d_crispr_screen_read_counts.txt,chr10:45954581-45954600_MARCH8_-,8-Mar,MARCH8
2d_crispr_screen_read_counts.txt,chr10:45959744-45959763_MARCH8_+,8-Mar,MARCH8
2d_crispr_screen_read_counts.txt,chr10:46028628-46028647_MARCH8_+,8-Mar,MARCH8
2d_crispr_screen_read_counts.txt,chr10:94109103-94109122_MARCH5_+,5-Mar,MARCH5
2d_crispr_screen_read_counts.txt,chr10:94109197-94109216_MARCH5_+,5-Mar,MARCH5
2d_crispr_screen_read_counts.txt,chr10:94109198-94109217_MARCH5_+,5-Mar,MARCH5
2d_crispr_screen_read_counts.txt,chr10:94110898-94110917_MARCH5_+,5-Mar,MARCH5
2d_crispr_screen_read_counts.txt,chr12:58149481-58149500_MARCH9_+,9-Mar,MARCH9
2d_crispr_screen_read_counts.txt,chr12:58149636-58149655_MARCH9_-,9-Mar,MARCH9
2d_crispr_screen_read_counts.txt,chr12:58150735-58150754_MARCH9_-,9-Mar,MARCH9
2d_crispr_screen_read_counts.txt,chr12:58152444-58152463_MARCH9_+,9-Mar,MARCH9
2d_crispr_screen_read_counts.txt,chr16:30392519-30392538_SEPT1_+,1-Sep,SEPT1
2d_crispr_screen_read_counts.txt,chr16:30392727-30392746_SEPT1_+,1-Sep,SEPT1
2d_crispr_screen_read_counts.txt,chr16:30393171-30393190_SEPT1_-,1-Sep,SEPT1
2d_crispr_screen_read_counts.txt,chr16:30393457-30393476_SEPT1_+,1-Sep,SEPT1
2d_crispr_screen_read_counts.txt,chr16:4827834-4827853_SEPT12_+,12-Sep,SEPT12
2d_crispr_screen_read_counts.txt,chr16:4833697-4833716_SEPT12_-,12-Sep,SEPT12
2d_crispr_screen_read_counts.txt,chr16:4836080-4836099_SEPT12_-,12-Sep,SEPT12
2d_crispr_screen_read_counts.txt,chr16:4837558-4837577_SEPT12_+,12-Sep,SEPT12
2d_crispr_screen_read_counts.txt,chr17:56602545-56602564_SEPT4_-,4-Sep,SEPT4
2d_crispr_screen_read_counts.txt,chr17:56603099-56603118_SEPT4_+,4-Sep,SEPT4
2d_crispr_screen_read_counts.txt,chr17:56604249-56604268_SEPT4_-,4-Sep,SEPT4
2d_crispr_screen_read_counts.txt,chr17:56606496-56606515_SEPT4_-,4-Sep,SEPT4
2d_crispr_screen_read_counts.txt,chr17:60813511-60813530_MARCH10_+,10-Mar,MARCH10
2d_crispr_screen_read_counts.txt,chr17:60821745-60821764_MARCH10_-,10-Mar,MARCH10
2d_crispr_screen_read_counts.txt,chr17:60837193-60837212_MARCH10_+,10-Mar,MARCH10
2d_crispr_screen_read_counts.txt,chr17:60879024-60879043_MARCH10_-,10-Mar,MARCH10
2d_crispr_screen_read_counts.txt,chr17:75369593-75369612_SEPT9_-,9-Sep,SEPT9
2d_crispr_screen_read_counts.txt,chr17:75398451-75398470_SEPT9_+,9-Sep,SEPT9
2d_crispr_screen_read_counts.txt,chr17:75478322-75478341_SEPT9_-,9-Sep,SEPT9
2d_crispr_screen_read_counts.txt,chr17:75483570-75483589_SEPT9_+,9-Sep,SEPT9
2d_crispr_screen_read_counts.txt,chr19:8486712-8486731_MARCH2_+,2-Mar,MARCH2
2d_crispr_screen_read_counts.txt,chr19:8491640-8491659_MARCH2_+,2-Mar,MARCH2
2d_crispr_screen_read_counts.txt,chr19:8495696-8495715_MARCH2_-,2-Mar,MARCH2
2d_crispr_screen_read_counts.txt,chr19:8503289-8503308_MARCH2_-,2-Mar,MARCH2
2d_crispr_screen_read_counts.txt,chr2:110321989-110322008_SEPT10_-,10-Sep,SEPT10
2d_crispr_screen_read_counts.txt,chr2:110325412-110325431_SEPT10_-,10-Sep,SEPT10
2d_crispr_screen_read_counts.txt,chr2:110332157-110332176_SEPT10_-,10-Sep,SEPT10
2d_crispr_screen_read_counts.txt,chr2:110371392-110371411_SEPT10_-,10-Sep,SEPT10
2d_crispr_screen_read_counts.txt,chr2:160599725-160599744_MARCH7_+,7-Mar,MARCH7
2d_crispr_screen_read_counts.txt,chr2:160604954-160604973_MARCH7_-,7-Mar,MARCH7
2d_crispr_screen_read_counts.txt,chr2:160605104-160605123_MARCH7_+,7-Mar,MARCH7
2d_crispr_screen_read_counts.txt,chr2:160608998-160609017_MARCH7_+,7-Mar,MARCH7
2d_crispr_screen_read_counts.txt,chr2:217124356-217124375_MARCH4_-,4-Mar,MARCH4
2d_crispr_screen_read_counts.txt,chr2:217142453-217142472_MARCH4_+,4-Mar,MARCH4
2d_crispr_screen_read_counts.txt,chr2:217234480-217234499_MARCH4_-,4-Mar,MARCH4
2d_crispr_screen_read_counts.txt,chr2:217234753-217234772_MARCH4_+,4-Mar,MARCH4
2d_crispr_screen_read_counts.txt,chr2:242275481-242275500_SEPT2_-,2-Sep,SEPT2
2d_crispr_screen_read_counts.txt,chr2:242277085-242277104_SEPT2_+,2-Sep,SEPT2
2d_crispr_screen_read_counts.txt,chr2:242285639-242285658_SEPT2_+,2-Sep,SEPT2
2d_crispr_screen_read_counts.txt,chr2:242289583-242289602_SEPT2_-,2-Sep,SEPT2
2d_crispr_screen_read_counts.txt,chr22:19707716-19707735_SEPT5_-,5-Sep,SEPT5
2d_crispr_screen_read_counts.txt,chr22:19707968-19707987_SEPT5_-,5-Sep,SEPT5
2d_crispr_screen_read_counts.txt,chr22:19708162-19708181_SEPT5_-,5-Sep,SEPT5
2d_crispr_screen_read_counts.txt,chr22:19709183-19709202_SEPT5_+,5-Sep,SEPT5
2d_crispr_screen_read_counts.txt,chr22:42381995-42382014_SEPT3_+,3-Sep,SEPT3
2d_crispr_screen_read_counts.txt,chr22:42383656-42383675_SEPT3_+,3-Sep,SEPT3
2d_crispr_screen_read_counts.txt,chr22:42385640-42385659_SEPT3_+,3-Sep,SEPT3
2d_crispr_screen_read_counts.txt,chr22:42390310-42390329_SEPT3_-,3-Sep,SEPT3
2d_crispr_screen_read_counts.txt,chr4:164506888-164506907_MARCH1_+,1-Mar,MARCH1
2d_crispr_screen_read_counts.txt,chr4:164534528-164534547_MARCH1_-,1-Mar,MARCH1
2d_crispr_screen_read_counts.txt,chr4:164621981-164622000_MARCH1_+,1-Mar,MARCH1
2d_crispr_screen_read_counts.txt,chr4:164775208-164775227_MARCH1_-,1-Mar,MARCH1
2d_crispr_screen_read_counts.txt,chr4:77871051-77871070_SEPT11_+,11-Sep,SEPT11
2d_crispr_screen_read_counts.txt,chr4:77926778-77926797_SEPT11_-,11-Sep,SEPT11
2d_crispr_screen_read_counts.txt,chr4:77933040-77933059_SEPT11_-,11-Sep,SEPT11
2d_crispr_screen_read_counts.txt,chr4:77936046-77936065_SEPT11_-,11-Sep,SEPT11
2d_crispr_screen_read_counts.txt,chr5:10354004-10354023_MARCH6_+,6-Mar,MARCH6
2d_crispr_screen_read_counts.txt,chr5:10377966-10377985_MARCH6_-,6-Mar,MARCH6
2d_crispr_screen_read_counts.txt,chr5:10382023-10382042_MARCH6_-,6-Mar,MARCH6
2d_crispr_screen_read_counts.txt,chr5:10390526-10390545_MARCH6_+,6-Mar,MARCH6
2d_crispr_screen_read_counts.txt,chr5:126206429-126206448_MARCH3_-,3-Mar,MARCH3
2d_crispr_screen_read_counts.txt,chr5:126213913-126213932_MARCH3_+,3-Mar,MARCH3
2d_crispr_screen_read_counts.txt,chr5:126250789-126250808_MARCH3_-,3-Mar,MARCH3
2d_crispr_screen_read_counts.txt,chr5:126253818-126253837_MARCH3_+,3-Mar,MARCH3
2d_crispr_screen_read_counts.txt,chr5:132099496-132099515_SEPT8_+,8-Sep,SEPT8
2d_crispr_screen_read_counts.txt,chr5:132099942-132099961_SEPT8_+,8-Sep,SEPT8
2d_crispr_screen_read_counts.txt,chr5:132101089-132101108_SEPT8_+,8-Sep,SEPT8
2d_crispr_screen_read_counts.txt,chr5:132112800-132112819_SEPT8_+,8-Sep,SEPT8
2d_crispr_screen_read_counts.txt,chr5:16067612-16067631_MARCH11_-,11-Mar,MARCH11
2d_crispr_screen_read_counts.txt,chr5:16177953-16177972_MARCH11_+,11-Mar,MARCH11
2d_crispr_screen_read_counts.txt,chr5:16179335-16179354_MARCH11_-,11-Mar,MARCH11
2d_crispr_screen_read_counts.txt,chr5:16179671-16179690_MARCH11_-,11-Mar,MARCH11
2d_crispr_screen_read_counts.txt,chr7:35942691-35942710_SEPT7_-,7-Sep,SEPT7
2d_crispr_screen_read_counts.txt,chr7:55886836-55886855_SEPT14_-,14-Sep,SEPT14
2d_crispr_screen_read_counts.txt,chr7:55886884-55886903_SEPT14_+,14-Sep,SEPT14
2d_crispr_screen_read_counts.txt,chr7:55912243-55912262_SEPT14_-,14-Sep,SEPT14
2d_crispr_screen_read_counts.txt,chr7:55914239-55914258_SEPT14_-,14-Sep,SEPT14
2d_crispr_screen_read_counts.txt,chr9:118162690-118162709_DEC1_-,1-Dec,DEC1
2d_crispr_screen_read_counts.txt,chr9:118163489-118163508_DEC1_-,1-Dec,DEC1
2d_crispr_screen_read_counts.txt,chr9:118163517-118163536_DEC1_+,1-Dec,DEC1
2d_crispr_screen_read_counts.txt,chr9:118163522-118163541_DEC1_+,1-Dec,DEC1
2d_crispr_screen_read_counts.txt,chrX:118783913-118783932_SEPT6_-,6-Sep,SEPT6
2d_crispr_screen_read_counts.txt,chrX:118786853-118786872_SEPT6_+,6-Sep,SEPT6
2d_crispr_screen_read_counts.txt,chrX:118797597-118797616_SEPT6_+,6-Sep,SEPT6
spheroid_crispr_screen_read_counts.txt,chr1:220936259-220936278_MARC2_-,2-Mar,MARC2
spheroid_crispr_screen_read_counts.txt,chr1:220936298-220936317_MARC2_-,2-Mar,MARC2
spheroid_crispr_screen_read_counts.txt,chr1:220960306-220960325_MARC1_-,1-Mar,MARC1
spheroid_crispr_screen_read_counts.txt,chr1:220970054-220970073_MARC1_+,1-Mar,MARC1
spheroid_crispr_screen_read_counts.txt,chr1:220978581-220978600_MARC1_+,1-Mar,MARC1
spheroid_crispr_screen_read_counts.txt,chr1:87333752-87333771_SEP15_-,15-Sep,SEP15
spheroid_crispr_screen_read_counts.txt,chr1:87346347-87346366_SEP15_-,15-Sep,SEP15
spheroid_crispr_screen_read_counts.txt,chr1:87368990-87369009_SEP15_-,15-Sep,SEP15
spheroid_crispr_screen_read_counts.txt,chr1:87379733-87379752_SEP15_+,15-Sep,SEP15
spheroid_crispr_screen_read_counts.txt,chr10:45954581-45954600_MARCH8_-,8-Mar,MARCH8
spheroid_crispr_screen_read_counts.txt,chr10:45959744-45959763_MARCH8_+,8-Mar,MARCH8
spheroid_crispr_screen_read_counts.txt,chr10:46028628-46028647_MARCH8_+,8-Mar,MARCH8
spheroid_crispr_screen_read_counts.txt,chr10:94109103-94109122_MARCH5_+,5-Mar,MARCH5
spheroid_crispr_screen_read_counts.txt,chr10:94109197-94109216_MARCH5_+,5-Mar,MARCH5
spheroid_crispr_screen_read_counts.txt,chr10:94109198-94109217_MARCH5_+,5-Mar,MARCH5
spheroid_crispr_screen_read_counts.txt,chr10:94110898-94110917_MARCH5_+,5-Mar,MARCH5
spheroid_crispr_screen_read_counts.txt,chr12:58149481-58149500_MARCH9_+,9-Mar,MARCH9
spheroid_crispr_screen_read_counts.txt,chr12:58149636-58149655_MARCH9_-,9-Mar,MARCH9
spheroid_crispr_screen_read_counts.txt,chr12:58150735-58150754_MARCH9_-,9-Mar,MARCH9
spheroid_crispr_screen_read_counts.txt,chr12:58152444-58152463_MARCH9_+,9-Mar,MARCH9
spheroid_crispr_screen_read_counts.txt,chr16:30392519-30392538_SEPT1_+,1-Sep,SEPT1
spheroid_crispr_screen_read_counts.txt,chr16:30392727-30392746_SEPT1_+,1-Sep,SEPT1
spheroid_crispr_screen_read_counts.txt,chr16:30393171-30393190_SEPT1_-,1-Sep,SEPT1
spheroid_crispr_screen_read_counts.txt,chr16:30393457-30393476_SEPT1_+,1-Sep,SEPT1
spheroid_crispr_screen_read_counts.txt,chr16:4827834-4827853_SEPT12_+,12-Sep,SEPT12
spheroid_crispr_screen_read_counts.txt,chr16:4833697-4833716_SEPT12_-,12-Sep,SEPT12
spheroid_crispr_screen_read_counts.txt,chr16:4836080-4836099_SEPT12_-,12-Sep,SEPT12
spheroid_crispr_screen_read_counts.txt,chr16:4837558-4837577_SEPT12_+,12-Sep,SEPT12
spheroid_crispr_screen_read_counts.txt,chr17:56602545-56602564_SEPT4_-,4-Sep,SEPT4
spheroid_crispr_screen_read_counts.txt,chr17:56603099-56603118_SEPT4_+,4-Sep,SEPT4
spheroid_crispr_screen_read_counts.txt,chr17:56604249-56604268_SEPT4_-,4-Sep,SEPT4
spheroid_crispr_screen_read_counts.txt,chr17:56606496-56606515_SEPT4_-,4-Sep,SEPT4
spheroid_crispr_screen_read_counts.txt,chr17:60813511-60813530_MARCH10_+,10-Mar,MARCH10
spheroid_crispr_screen_read_counts.txt,chr17:60821745-60821764_MARCH10_-,10-Mar,MARCH10
spheroid_crispr_screen_read_counts.txt,chr17:60837193-60837212_MARCH10_+,10-Mar,MARCH10
spheroid_crispr_screen_read_counts.txt,chr17:60879024-60879043_MARCH10_-,10-Mar,MARCH10
spheroid_crispr_screen_read_counts.txt,chr17:75369593-75369612_SEPT9_-,9-Sep,SEPT9
spheroid_crispr_screen_read_counts.txt,chr17:75398451-75398470_SEPT9_+,9-Sep,SEPT9
spheroid_crispr_screen_read_counts.txt,chr17:75478322-75478341_SEPT9_-,9-Sep,SEPT9
spheroid_crispr_screen_read_counts.txt,chr17:75483570-75483589_SEPT9_+,9-Sep,SEPT9
spheroid_crispr_screen_read_counts.txt,chr19:8486712-8486731_MARCH2_+,2-Mar,MARCH2
spheroid_crispr_screen_read_counts.txt,chr19:8491640-8491659_MARCH2_+,2-Mar,MARCH2
spheroid_crispr_screen_read_counts.txt,chr19:8495696-8495715_MARCH2_-,2-Mar,MARCH2
spheroid_crispr_screen_read_counts.txt,chr19:8503289-8503308_MARCH2_-,2-Mar,MARCH2
spheroid_crispr_screen_read_counts.txt,chr2:110321989-110322008_SEPT10_-,10-Sep,SEPT10
spheroid_crispr_screen_read_counts.txt,chr2:110325412-110325431_SEPT10_-,10-Sep,SEPT10
spheroid_crispr_screen_read_counts.txt,chr2:110332157-110332176_SEPT10_-,10-Sep,SEPT10
spheroid_crispr_screen_read_counts.txt,chr2:110371392-110371411_SEPT10_-,10-Sep,SEPT10
spheroid_crispr_screen_read_counts.txt,chr2:160599725-160599744_MARCH7_+,7-Mar,MARCH7
spheroid_crispr_screen_read_counts.txt,chr2:160604954-160604973_MARCH7_-,7-Mar,MARCH7
spheroid_crispr_screen_read_counts.txt,chr2:160605104-160605123_MARCH7_+,7-Mar,MARCH7
spheroid_crispr_screen_read_counts.txt,chr2:160608998-160609017_MARCH7_+,7-Mar,MARCH7
spheroid_crispr_screen_read_counts.txt,chr2:217124356-217124375_MARCH4_-,4-Mar,MARCH4
spheroid_crispr_screen_read_counts.txt,chr2:217142453-217142472_MARCH4_+,4-Mar,MARCH4
spheroid_crispr_screen_read_counts.txt,chr2:217234480-217234499_MARCH4_-,4-Mar,MARCH4
spheroid_crispr_screen_read_counts.txt,chr2:217234753-217234772_MARCH4_+,4-Mar,MARCH4
spheroid_crispr_screen_read_counts.txt,chr2:242275481-242275500_SEPT2_-,2-Sep,SEPT2
spheroid_crispr_screen_read_counts.txt,chr2:242277085-242277104_SEPT2_+,2-Sep,SEPT2
spheroid_crispr_screen_read_counts.txt,chr2:242285639-242285658_SEPT2_+,2-Sep,SEPT2
spheroid_crispr_screen_read_counts.txt,chr2:242289583-242289602_SEPT2_-,2-Sep,SEPT2
spheroid_crispr_screen_read_counts.txt,chr22:19707716-19707735_SEPT5_-,5-Sep,SEPT5
spheroid_crispr_screen_read_counts.txt,chr22:19707968-19707987_SEPT5_-,5-Sep,SEPT5
spheroid_crispr_screen_read_counts.txt,chr22:19708162-19708181_SEPT5_-,5-Sep,SEPT5
spheroid_crispr_screen_read_counts.txt,chr22:19709183-19709202_SEPT5_+,5-Sep,SEPT5
spheroid_crispr_screen_read_counts.txt,chr22:42381995-42382014_SEPT3_+,3-Sep,SEPT3
spheroid_crispr_screen_read_counts.txt,chr22:42383656-42383675_SEPT3_+,3-Sep,SEPT3
spheroid_crispr_screen_read_counts.txt,chr22:42385640-42385659_SEPT3_+,3-Sep,SEPT3
spheroid_crispr_screen_read_counts.txt,chr22:42390310-42390329_SEPT3_-,3-Sep,SEPT3
spheroid_crispr_screen_read_counts.txt,chr4:164506888-164506907_MARCH1_+,1-Mar,MARCH1
spheroid_crispr_screen_read_counts.txt,chr4:164534528-164534547_MARCH1_-,1-Mar,MARCH1
spheroid_crispr_screen_read_counts.txt,chr4:164621981-164622000_MARCH1_+,1-Mar,MARCH1
spheroid_crispr_screen_read_counts.txt,chr4:164775208-164775227_MARCH1_-,1-Mar,MARCH1
spheroid_crispr_screen_read_counts.txt,chr4:77871051-77871070_SEPT11_+,11-Sep,SEPT11
spheroid_crispr_screen_read_counts.txt,chr4:77926778-77926797_SEPT11_-,11-Sep,SEPT11
spheroid_crispr_screen_read_counts.txt,chr4:77933040-77933059_SEPT11_-,11-Sep,SEPT11
spheroid_crispr_screen_read_counts.txt,chr4:77936046-77936065_SEPT11_-,11-Sep,SEPT11
spheroid_crispr_screen_read_counts.txt,chr5:10354004-10354023_MARCH6_+,6-Mar,MARCH6
spheroid_crispr_screen_read_counts.txt,chr5:10377966-10377985_MARCH6_-,6-Mar,MARCH6
spheroid_crispr_screen_read_counts.txt,chr5:10382023-10382042_MARCH6_-,6-Mar,MARCH6
spheroid_crispr_screen_read_counts.txt,chr5:10390526-10390545_MARCH6_+,6-Mar,MARCH6
spheroid_crispr_screen_read_counts.txt,chr5:126206429-126206448_MARCH3_-,3-Mar,MARCH3
spheroid_crispr_screen_read_counts.txt,chr5:126213913-126213932_MARCH3_+,3-Mar,MARCH3
spheroid_crispr_screen_read_counts.txt,chr5:126250789-126250808_MARCH3_-,3-Mar,MARCH3
spheroid_crispr_screen_read_counts.txt,chr5:126253818-126253837_MARCH3_+,3-Mar,MARCH3
spheroid_crispr_screen_read_counts.txt,chr5:132099496-132099515_SEPT8_+,8-Sep,SEPT8
spheroid_crispr_screen_read_counts.txt,chr5:132099942-132099961_SEPT8_+,8-Sep,SEPT8
spheroid_crispr_screen_read_counts.txt,chr5:132101089-132101108_SEPT8_+,8-Sep,SEPT8
spheroid_crispr_screen_read_counts.txt,chr5:132112800-132112819_SEPT8_+,8-Sep,SEPT8
spheroid_crispr_screen_read_counts.txt,chr5:16067612-16067631_MARCH11_-,11-Mar,MARCH11
spheroid_crispr_screen_read_counts.txt,chr5:16177953-16177972_MARCH11_+,11-Mar,MARCH11
spheroid_crispr_screen_read_counts.txt,chr5:16179335-16179354_MARCH11_-,11-Mar,MARCH11
spheroid_crispr_screen_read_counts.txt,chr5:16179671-16179690_MARCH11_-,11-Mar,MARCH11
spheroid_crispr_screen_read_counts.txt,chr7:35942691-35942710_SEPT7_-,7-Sep,SEPT7
spheroid_crispr_screen_read_counts.txt,chr7:55886836-55886855_SEPT14_-,14-Sep,SEPT14
spheroid_crispr_screen_read_counts.txt,chr7:55886884-55886903_SEPT14_+,14-Sep,SEPT14
spheroid_crispr_screen_read_counts.txt,chr7:55912243-55912262_SEPT14_-,14-Sep,SEPT14
spheroid_crispr_screen_read_counts.txt,chr7:55914239-55914258_SEPT14_-,14-Sep,SEPT14
spheroid_crispr_screen_read_counts.txt,chr9:118162690-118162709_DEC1_-,1-Dec,DEC1
spheroid_crispr_screen_read_counts.txt,chr9:118163489-118163508_DEC1_-,1-Dec,DEC1
spheroid_crispr_screen_read_counts.txt,chr9:118163517-118163536_DEC1_+,1-Dec,DEC1
spheroid_crispr_screen_read_counts.txt,chr9:118163522-118163541_DEC1_+,1-Dec,DEC1
spheroid_crispr_screen_read_counts.txt,chrX:118783913-118783932_SEPT6_-,6-Sep,SEPT6
spheroid_crispr_screen_read_counts.txt,chrX:118786853-118786872_SEPT6_+,6-Sep,SEPT6
spheroid_crispr_screen_read_counts.txt,chrX:118797597-118797616_SEPT6_+,6-Sep,SEPT6
