comparison,gene_symbol,direction,n_guides,lfc,fdr,p_value,rra_score,stat_rank,depleted_fdr,enriched_fdr,depleted_p,enriched_p,mle_beta,mle_fdr,guide_lfcs,max_guide_share,verdict,reason,chance_real
2D: WT vs plasmid,FIG4,depleted,4,1.1153,1,0.7528,0.19391,5683,1,1,0.3764,0.64807,0.30946,0.99908,"[-2.2028,1.7927,1.2561,0.97453]",0.353799,uncertain,,
2D: WT vs plasmid,NF2,enriched,4,3.1434,1,0.116024,0.0397,1049,1,0.98099,0.99509,0.058012,2.2398,0.17709,"[6.3788,3.1693,3.1176,1.5121]",0.449915,uncertain,,
2D: WT vs plasmid,PIKFYVE,depleted,4,2.1331,1,0.67328,0.50196,10816,1,1,0.67073,0.33664,1.3551,0.68573,"[-1.6605,3.5883,3.1792,1.0871]",0.377116,uncertain,,
2D: WT vs plasmid,PTEN,enriched,4,7.7032,0.00495,5.4856e-7,1.0844e-8,2,1,0.002475,1,2.7428e-7,4.9698,0,"[9.5705,8.3013,7.105,6.5351]",0.303711,uncertain,,
2D: WT vs plasmid,STK11,depleted,4,0.50754,1,0.69202,0.67789,13490,1,1,0.80556,0.34601,0.55013,0.97321,"[-0.23226,2.9876,0.78858,0.22649]",0.705466,uncertain,,
2D: WT vs plasmid,TSC1,enriched,4,6.1789,0.106436,0.000023588,0.0000035983,4,1,0.053218,0.99999,0.000011794,4.0796,0.05,"[7.417,6.5201,5.8378,4.0766]",0.310966,uncertain,,
2D: WT vs plasmid,TSC2,enriched,4,7.4807,0.00495,5.4856e-7,2.3835e-10,1,1,0.002475,1,2.7428e-7,5.3051,0,"[9.2648,7.9631,6.9983,6.5135]",0.301395,uncertain,,
2D: WT vs plasmid,VAC14,depleted,4,-0.22735,1,0.2746,0.047188,2612,0.933129,1,0.1373,0.95267,-0.27009,0.86834,"[-0.54793,-0.42838,-0.026323,0.11789]",0.488995,uncertain,,
2D: WT vs EV,FIG4,depleted,4,-1.2527,1,0.40512,0.078853,3632,0.986765,0.999651,0.20256,0.60716,-0.76976,0.99949,"[-4.1786,-1.7961,-0.70943,1.6069]",0.50399,uncertain,,
2D: WT vs EV,NF2,depleted,4,-0.23024,1,0.81832,0.21738,7354,0.990224,0.999361,0.40916,0.48155,-0.053732,0.99949,"[-3.6984,2.7823,-0.94237,0.48188]",0.467859,uncertain,,
2D: WT vs EV,PIKFYVE,depleted,4,0.96077,1,0.73528,0.46431,11537,0.995666,0.997097,0.64326,0.36764,0.95749,0.99949,"[2.9768,-2.2799,1.5353,0.38621]",0.414699,uncertain,,
2D: WT vs EV,PTEN,enriched,4,3.6759,1,0.0178936,0.0029284,167,0.998782,0.905267,0.96512,0.0089468,2.5411,0.91579,"[6.4276,5.2826,2.0691,0.51737]",0.449587,uncertain,,
2D: WT vs EV,STK11,depleted,4,-0.093336,1,0.69904,0.18677,6552,0.990224,0.997097,0.3663,0.34952,0.095988,0.99949,"[2.9924,-1.4206,-1.315,1.1283]",0.436445,uncertain,,
2D: WT vs EV,TSC1,depleted,4,-0.53483,1,0.42486,0.084974,3815,0.988544,0.997097,0.21243,0.26668,-0.21758,0.99949,"[4.5207,-4.0041,-1.4367,0.36702]",0.437691,uncertain,,
2D: WT vs EV,TSC2,depleted,4,2.2047,1,0.14458,0.32736,9687,0.994457,0.997097,0.54368,0.07229,1.3712,0.98733,"[4.7624,3.7367,-2.3189,0.67281]",0.414453,uncertain,,
2D: WT vs EV,VAC14,depleted,4,-1.4664,1,0.21564,0.035858,1907,0.975485,0.999651,0.10782,0.96407,-0.85481,0.99949,"[-2.49,-2.4459,-0.48697,-0.17961]",0.444446,uncertain,,
2D: EV vs plasmid,FIG4,enriched,4,1.1449,1,0.4361,0.21548,3978,0.999937,0.987022,0.80568,0.21805,0.72317,0.92442,"[5.2162,-0.36624,2.033,0.2569]",0.662598,uncertain,,
2D: EV vs plasmid,NF2,enriched,4,3.2138,1,0.1859,0.07075,1657,0.999937,0.987022,0.99949,0.09295,2.4283,0.21379,"[6.8906,3.6736,2.754,2.5285]",0.434829,uncertain,,
2D: EV vs plasmid,PIKFYVE,depleted,4,0.69191,1,1,0.93421,16423,0.999937,1,0.93404,0.58771,0.49274,0.97023,"[2.1302,0.65329,0.73053,0.24984]",0.565962,uncertain,,
2D: EV vs plasmid,PTEN,enriched,4,4.164,1,0.04256,0.010859,373,0.999937,0.987022,0.99994,0.02128,2.9497,0.16093,"[6.1024,5.1173,3.097,3.2108]",0.348161,uncertain,,
2D: EV vs plasmid,STK11,depleted,4,0.80928,1,1,0.33276,8650,0.999937,1,0.54758,0.52748,0.41554,0.98694,"[-1.3464,2.2359,1.5712,0.047383]",0.429908,uncertain,,
2D: EV vs plasmid,TSC1,enriched,4,6.7951,1,0.0010088,0.00016267,10,0.999937,0.834833,0.99973,0.0005044,4.0518,0.15844,"[8.1586,8.0391,5.5511,2.9732]",0.330014,uncertain,,
2D: EV vs plasmid,TSC2,enriched,4,5.9793,1,0.0051626,0.00092157,47,0.999937,0.882084,0.99991,0.0025813,3.912,0.15844,"[8.9122,7.3735,4.5852,3.3372]",0.368149,uncertain,,
2D: EV vs plasmid,VAC14,depleted,4,1.2355,1,1,0.94486,16686,0.999937,1,0.94469,0.55291,0.60908,0.94734,"[2.1212,1.9685,0.50259,0.34801]",0.429367,uncertain,,
Spheroid: EV vs plasmid,FIG4,enriched,4,0.72205,1,0.0147876,0.0022515,162,0.999969,0.787388,0.60046,0.0073938,1.1152,0.82504,"[11.023,-1.5143,1.1821,0.26201]",0.788404,uncertain,,
Spheroid: EV vs plasmid,NF2,enriched,4,4.6234,1,0.00064126,0.000087505,9,0.999972,0.540914,0.99992,0.00032063,3.1359,0.17769,"[5.7464,5.7233,3.5235,3.1705]",0.316367,uncertain,,
Spheroid: EV vs plasmid,PIKFYVE,depleted,4,-0.27441,1,0.5634,0.13394,4473,0.999969,1,0.2817,0.39932,0.37959,0.99665,"[3.1001,-0.38356,-0.55643,-0.16526]",0.73718,uncertain,,
Spheroid: EV vs plasmid,PTEN,enriched,4,4.1789,1,0.011606,0.001641,134,0.999969,0.764508,0.99802,0.005803,3.0113,0.17769,"[8.1106,4.3702,3.9877,1.7015]",0.446373,uncertain,,
Spheroid: EV vs plasmid,STK11,enriched,4,0.67252,1,0.179598,0.043457,1695,0.999969,0.941626,0.75486,0.089799,0.98057,0.87474,"[7.2472,-0.24694,1.0971,0.24792]",0.819897,uncertain,,
Spheroid: EV vs plasmid,TSC1,enriched,4,6.5408,1,0.00139828,0.00018567,19,0.999969,0.540914,0.99951,0.00069914,4.1093,0.17769,"[10.434,8.2391,4.8424,2.4632]",0.401637,uncertain,,
Spheroid: EV vs plasmid,TSC2,enriched,4,4.0823,1,0.010115,0.001404,119,0.999969,0.747927,0.99861,0.0050575,2.8703,0.17769,"[7.4825,4.7744,3.3901,2.0506]",0.422797,uncertain,,
Spheroid: EV vs plasmid,VAC14,depleted,4,0.040704,1,0.82406,0.22155,6444,0.999969,1,0.41203,0.84275,-0.031009,0.92614,"[-2.5296,-0.72541,1.0107,0.80682]",0.498686,uncertain,,
Spheroid: WT vs plasmid,FIG4,depleted,4,3.1413,1,0.8286,0.96017,17130,1,1,0.96004,0.4143,1.8331,0.57554,"[3.4992,3.1581,3.1246,0.68744]",0.334233,uncertain,,
Spheroid: WT vs plasmid,NF2,enriched,4,7.1897,0.0099,5.4856e-7,3.8397e-8,1,1,0.00495,1,2.7428e-7,5.0673,0.19162,"[8.3448,7.6706,6.7088,6.6129]",0.284445,uncertain,,
Spheroid: WT vs plasmid,PIKFYVE,depleted,4,0.40606,1,1,0.53544,11369,1,1,0.69567,0.8046,0.43846,0.99966,"[-1.5244,1.4641,0.60458,0.20753]",0.401094,uncertain,,
Spheroid: WT vs plasmid,PTEN,enriched,4,4.9067,0.946686,0.00068186,0.000092405,13,1,0.473343,0.99991,0.00034093,3.4249,0.19162,"[5.6965,5.4327,4.312,4.3806]",0.287386,uncertain,,
Spheroid: WT vs plasmid,STK11,enriched,4,2.5236,1,0.60134,0.30044,5423,1,0.999847,0.66476,0.30067,1.3354,0.82162,"[-0.78786,3.9118,3.2719,1.7753]",0.40134,uncertain,,
Spheroid: WT vs plasmid,TSC1,enriched,4,5.1245,0.946686,0.00066102,0.000089851,12,1,0.473343,0.99992,0.00033051,3.5286,0.19162,"[6.147,6.458,4.0316,4.102]",0.3114,uncertain,,
Spheroid: WT vs plasmid,TSC2,enriched,4,5.8198,0.946686,0.00048658,0.000064683,7,1,0.473343,0.99911,0.00024329,3.493,0.19162,"[6.0014,5.9281,5.7116,2.7514]",0.294294,uncertain,,
Spheroid: WT vs plasmid,VAC14,enriched,4,4.9627,1,0.018339,0.0033492,178,1,0.889219,0.99908,0.0091695,3.211,0.19162,"[6.393,6.0778,3.8477,2.8511]",0.333497,uncertain,,
Spheroid: WT vs EV,FIG4,depleted,4,1.9506,1,0.108548,0.016752,965,0.94528,0.988895,0.054274,0.23832,0.70162,0.98116,"[-7.9749,3.1162,2.0731,1.8282]",0.531929,uncertain,,
Spheroid: WT vs EV,NF2,enriched,4,2.7171,1,0.179786,0.037348,1645,0.999999,0.952125,0.99166,0.089893,1.8442,0.94061,"[3.418,2.9747,2.4595,1.8028]",0.320788,uncertain,,
Spheroid: WT vs EV,PIKFYVE,depleted,4,-0.21193,1,1,0.31348,9537,0.995826,0.999828,0.53386,0.65311,-0.092525,0.9976,"[-2.9885,-1.0756,1.7396,0.6517]",0.462946,uncertain,,
Spheroid: WT vs EV,PTEN,depleted,4,0.62022,1,1,0.30331,9326,0.994431,0.999828,0.52165,0.52392,0.26319,0.9956,"[-2.5655,2.4822,0.94344,0.297]",0.40799,uncertain,,
Spheroid: WT vs EV,STK11,depleted,4,0.94709,1,0.37746,0.078822,3679,0.971799,0.982076,0.2025,0.18873,0.053661,0.9976,"[-5.6076,2.9272,2.6288,-0.73464]",0.471297,uncertain,,
Spheroid: WT vs EV,TSC1,depleted,4,-1.5118,1,0.05116,0.0075015,459,0.94528,0.999828,0.02558,0.74723,-1.0034,0.95944,"[-4.1465,-4.2459,1.4625,1.1229]",0.386771,uncertain,,
Spheroid: WT vs EV,TSC2,enriched,4,0.69053,1,1,0.55902,10087,0.999999,0.999828,0.61299,0.56654,0.46763,0.98984,"[-1.7119,2.4915,0.77838,0.60268]",0.446149,uncertain,,
Spheroid: WT vs EV,VAC14,enriched,4,5.1204,0.361386,0.000040046,0.000006255,2,0.999999,0.180693,0.99999,0.000020023,3.2999,0.75,"[5.2105,5.1688,5.072,4.422]",0.262186,uncertain,,
