sgRNA	Gene	sequence	T0	DMSO_R1	DMSO_R2	Olaparib_R1	Olaparib_R2
A1BG_sg1	A1BG	CATCTTCTTTCACCTGAACG	663	759	757	820	558
A1BG_sg2	A1BG	CTCCGGGGAGAACTCCGGCG	394	344	395	416	493
A1BG_sg3	A1BG	TCTCCATGGTGCATCAGCAC	296	289	253	280	405
A1BG_sg4	A1BG	TGGAAGTCCACTCCACTCAG	242	251	231	204	287
A2M_sg1	A2M	ACTGCATCTGTGCAAACGGG	361	378	408	135	123
A2M_sg2	A2M	ATGTCTCATGAACTACCCTG	447	464	496	309	451
A2M_sg3	A2M	TGAAATGAAACTTCACACTG	400	403	422	359	437
A2M_sg4	A2M	TTACTCATATAGGATCCCAA	668	709	643	642	947
NAT1_sg1	NAT1	CGGAAGACACAAGGCACCTG	285	308	263	164	184
NAT1_sg2	NAT1	GAACCTTAACATCCATTGTG	271	277	228	116	175
NAT1_sg3	NAT1	GTTGTGAGAAGAAATCGGGG	268	317	305	80	147
NAT1_sg4	NAT1	TTGGACGCTCATACCAGATG	253	249	301	196	98
NAT2_sg1	NAT2	ATTGTAAGAAGAAACCGGGG	403	447	365	163	281
NAT2_sg2	NAT2	TAACAAATACAGCACTGGCA	619	682	524	368	260
NAT2_sg3	NAT2	TAGAGGCTGCCACATCTGGG	261	257	259	291	137
NAT2_sg4	NAT2	TGTGGTCTGAAAACCGATTG	721	631	787	329	773
SERPINA3_sg1	SERPINA3	CCCAAGATACTCATCAGTCA	319	305	381	95	426
SERPINA3_sg2	SERPINA3	CGTTGGCGGAGGCTAATCCG	511	612	412	268	763
SERPINA3_sg3	SERPINA3	GAGTTGCTCTTTGACAAACA	790	663	944	439	481
SERPINA3_sg4	SERPINA3	GTGGTGGAGCTGAAGTACAC	536	606	511	208	295
AADAC_sg1	AADAC	AAGTCTGAAGCACTAAGAAG	448	361	424	468	202
AADAC_sg2	AADAC	ATGTATATAATGCCTTAAGG	695	787	593	530	731
AADAC_sg3	AADAC	ATTTCTATCCAAATCACTCA	518	602	583	310	273
AADAC_sg4	AADAC	GGTATTTCTGGAGATAGTGC	767	673	905	1042	785
AAMP_sg1	AAMP	AAGATGACAAAGCCTTCGTA	631	516	532	577	382
AAMP_sg2	AAMP	AGGTGACCTCGCTATCGTCG	601	542	678	610	391
AAMP_sg3	AAMP	TGAGTGGCCTCTTGAAAGTG	379	444	451	171	331
AAMP_sg4	AAMP	TGGATGTGGAAAGTCCCGAA	275	250	320	149	87
AANAT_sg1	AANAT	ACCTTCACGCTCGATCTCAA	475	458	427	169	303
AANAT_sg2	AANAT	GCCCTCCTCGAACCAGCCCA	743	764	633	545	1017
AANAT_sg3	AANAT	GGTGAGGCAGCGAAACTCAC	538	571	579	538	252
AANAT_sg4	AANAT	GTGGCGCCGCTGACAGCTCG	235	274	232	171	158
AARS_sg1	AARS	CCAAGAAAAGCATTGACACA	234	189	246	205	275
AARS_sg2	AARS	GGAGGCCAGATCTATGACGA	526	449	436	443	389
AARS_sg3	AARS	TCAGAATGTGCGTAGCTGTG	245	284	268	280	306
AARS_sg4	AARS	TTGGTGCTGAGGATGCCGAT	549	516	589	758	738
ABAT_sg1	ABAT	CCTTAAAGACCATCTTCATG	627	738	509	564	199
ABAT_sg2	ABAT	GAAAGAAGTCATCGGATGCG	591	562	475	228	241
ABAT_sg3	ABAT	GTGAATGGCTTTAGAGTGCG	318	380	366	373	243
ABAT_sg4	ABAT	TGCAATTACGAAGAGAGCCG	794	780	782	753	732
ABCA1_sg1	ABCA1	AATGCAGAGAAAGCTATCTG	726	589	755	636	418
ABCA1_sg2	ABCA1	GGACACGCCCAGCTTCAAGT	315	314	329	442	191
ABCA1_sg3	ABCA1	GTGGCATGGCAGGACTACGT	211	199	180	218	194
ABCA1_sg4	ABCA1	TTGGACAGCCCAAGACATCG	550	585	537	753	380
ABCA2_sg1	ABCA2	CATGTACGTGGCGATCCGAG	456	401	443	577	637
ABCA2_sg2	ABCA2	CTTGTGTGGCAACAACCGGT	419	399	432	284	194
ABCA2_sg3	ABCA2	GATGTCGTGCCCGTAGATGG	708	665	820	246	266
ABCA2_sg4	ABCA2	TAGGGGATGAAATTGCCACG	483	545	408	418	681
ABCA3_sg1	ABCA3	AATGCGCATTTACTGACCGA	623	593	627	689	722
ABCA3_sg2	ABCA3	ACCTACGGTTCAGTTACACA	663	615	750	420	682
ABCA3_sg3	ABCA3	AGTGGACGGGCATACATCAG	487	500	449	608	157
ABCA3_sg4	ABCA3	CCTCCTGAGTCCCGTCAACG	339	326	296	414	210
ABCB7_sg1	ABCB7	AGTCATTAAAAAGTATCACA	344	384	410	150	148
ABCB7_sg2	ABCB7	CACACCACAGACAGCTACCG	748	794	839	1084	838
ABCB7_sg3	ABCB7	GATTAAATACCAAAGCACTC	404	456	364	467	487
ABCB7_sg4	ABCB7	TCACAGTTGCAGTCACACGG	747	810	651	468	534
ABCF1_sg1	ABCF1	CTGCAGAGGCCAAAGCACGG	732	732	877	359	965
ABCF1_sg2	ABCF1	GATGGAGTATGAGCGCCAAG	429	358	503	500	195
ABCF1_sg3	ABCF1	GCAACACATCAATGTTGGGA	664	583	766	204	637
ABCF1_sg4	ABCF1	TGTAATTGCCCCTATAGTAG	714	798	840	611	772
ABCA4_sg1	ABCA4	AAAGACCGAGCCCCTAACAG	409	343	468	514	576
ABCA4_sg2	ABCA4	AGCACCATACCCGCAAACAG	326	288	378	481	480
ABCA4_sg3	ABCA4	AGGGTGTTGAGTTGCCACAG	749	891	878	460	870
ABCA4_sg4	ABCA4	GATCCGAATGGACATAGACG	216	202	179	179	207
ABL1_sg1	ABL1	CTTAGGCTATAATCACAATG	481	478	390	611	181
ABL1_sg2	ABL1	GGTTCATCATCATTCAACGG	235	204	219	292	110
ABL1_sg3	ABL1	TCAGTGATGATATAGAACGG	352	422	408	324	391
ABL1_sg4	ABL1	TTGCTCCCTCGAAAAGAGCG	650	765	648	935	262
AOC1_sg1	AOC1	CAGACCAAGTACCTCGATGT	426	415	436	552	414
AOC1_sg2	AOC1	GCTGTATGATAAGCCAACTG	368	371	418	357	248
AOC1_sg3	AOC1	GGCAACGCTGTGCTCTACGG	590	697	677	608	392
AOC1_sg4	AOC1	GTGGCTTCAACTTCTATGCG	344	408	347	339	186
ABL2_sg1	ABL2	AACCTCTGTAATGACGACGG	748	632	599	562	707
ABL2_sg2	ABL2	GGTTCAACATCACAACCATA	245	246	235	309	238
ABL2_sg3	ABL2	TATCGAATGGAACAGCCTGA	702	587	608	994	597
ABL2_sg4	ABL2	TGTACACCATCACTCCACAG	613	556	606	277	502
ABO_sg1	ABO	AGCCAAAGGTGCTGACACCG	687	693	579	551	230
ABO_sg2	ABO	ATGGAGTTCCGCGACCACGT	466	396	518	152	248
ABO_sg3	ABO	CCGGTCCCCAGCGTCACGCG	432	347	394	504	256
ABO_sg4	ABO	TGATCAGTGACTTCTGCGAG	710	597	775	317	647
ABR_sg1	ABR	CAAGAGTGAAATCCAGAAGG	456	495	492	617	149
ABR_sg2	ABR	CTGCAGTGACAACGCCCAAG	623	704	651	589	832
ABR_sg3	ABR	GAGGCTTGACACTCACGTGT	746	787	754	985	771
ABR_sg4	ABR	TACTGTCCTCGGACTACGAG	339	302	371	431	468
ACAA1_sg1	ACAA1	AGCGCGAAGTAATATTTCCA	523	544	604	279	645
ACAA1_sg2	ACAA1	CTGCCGAGAGAAGCTCGTCG	399	460	340	234	467
ACAA1_sg3	ACAA1	GCCCTTGTCATCATGGACCG	465	444	452	664	442
ACAA1_sg4	ACAA1	TCAATAGACAGTGTTCGTCG	329	289	345	414	136
ACACA_sg1	ACACA	AATGCATGCGGTCTATCCGT	783	840	911	1144	343
ACACA_sg2	ACACA	CCAGAGTCCCACATTCCCTG	717	755	672	1074	931
ACACA_sg3	ACACA	TATTTGCCTAGGTACCGAAG	272	270	220	330	281
ACACA_sg4	ACACA	TGATGGGTCCATGATAACCG	782	776	684	342	396
ACACB_sg1	ACACB	AAAGCGTGTGACAAACTCAG	361	431	422	149	135
ACACB_sg2	ACACB	ACAACGACATCGACACCGGG	673	559	564	517	546
ACACB_sg3	ACACB	GAACTCGAATATGGCCAGCG	563	547	585	177	642
ACACB_sg4	ACACB	GTCGGAGTCCATAATCCACA	405	353	397	480	318
ACADL_sg1	ACADL	CAGAAAAAGGCTAATACCAT	399	415	334	499	274
ACADL_sg2	ACADL	CTCCTCCCAGACAATAGCTG	286	320	309	381	301
ACADL_sg3	ACADL	GCCACTTACTCTGAGTGATG	614	631	538	614	435
ACADL_sg4	ACADL	TAAAATGGGATTAAAAGCCC	464	423	392	552	228
ACADM_sg1	ACADM	AAGATGTGGATAACCAACGG	615	524	573	582	457
ACADM_sg2	ACADM	AATTGGCTTATGGATGTACA	642	710	617	749	246
ACADM_sg3	ACADM	ATTGTGGAAGCAGATACCCC	549	505	461	749	817
ACADM_sg4	ACADM	GTATTTGGGGAGAATGACTG	250	223	294	274	176
ACADS_sg1	ACADS	ACACACCATCTACCAGTCTG	615	632	623	472	922
ACADS_sg2	ACADS	GACACTCATGATGACTCCGG	418	451	461	617	136
ACADS_sg3	ACADS	GGCAGGTACCTGGTTCGCTG	310	339	279	242	111
ACADS_sg4	ACADS	TAAGGAACATCTCTTCCCAG	400	423	321	244	252
ACADSB_sg1	ACADSB	AGCCAAAGTTGATGCATCTG	549	559	550	801	538
ACADSB_sg2	ACADSB	ATGGAGAAATCAGTAATACA	302	318	339	118	307
ACADSB_sg3	ACADSB	ATTGAGTAGAGCTTCTGACT	246	234	289	187	360
ACADSB_sg4	ACADSB	TTCGAATGTTAACGGGCAGG	707	718	734	576	631
ACADVL_sg1	ACADVL	CACTAATCGTACCCAGTTTG	491	496	510	362	315
ACADVL_sg2	ACADVL	GTCTAACCGAGCCCTCAAGC	476	487	434	552	311
ACADVL_sg3	ACADVL	GTGGAGGAGACCACTTGGCA	214	237	221	226	169
ACADVL_sg4	ACADVL	TCCTGGTCAGAGCGTCAGAG	599	491	554	465	597
ACAT1_sg1	ACAT1	CTGCCTAAAAAAGATCCAAT	526	436	611	428	459
ACAT1_sg2	ACAT1	GAAGTGAAAGAAGCATACAT	449	367	376	571	624
ACAT1_sg3	ACAT1	GAGGATCAACACCATATGGT	347	413	390	355	152
ACAT1_sg4	ACAT1	TTCTGCGCAGGATGTGATGG	627	615	552	227	585
ACAT2_sg1	ACAT2	CCTGTTAGACAAGCCAGTGT	327	309	279	261	333
ACAT2_sg2	ACAT2	GCAGTCCAGTCAATAGGGAT	796	853	752	949	1017
ACAT2_sg3	ACAT2	GTTCTCAAGTAAGCCAAGTG	340	401	371	199	148
ACAT2_sg4	ACAT2	TCTATGTTGCTCCCATGGCG	516	574	541	377	322
ASIC2_sg1	ASIC2	CTGGAGTTCCTGCACCGTGT	778	839	681	493	456
ASIC2_sg2	ASIC2	GAAGCCATTCAGGTTACAGA	454	454	481	242	508
ASIC2_sg3	ASIC2	GAGGAAACGACATTTGAAGC	262	210	236	87	90
ASIC2_sg4	ASIC2	TTTACAGCATCACCGCCTGT	427	434	353	172	474
ASIC1_sg1	ASIC1	AAGTGCTACACGTTCAACTC	763	682	909	672	553
ASIC1_sg2	ASIC1	CCATGTCACCAAGCTCGACG	546	511	599	713	212
ASIC1_sg3	ASIC1	CTTCAGAGACAGCCGCTCGT	322	315	363	420	393
ASIC1_sg4	ASIC1	TGAGATACCAGACACACAGA	655	635	591	833	486
ACHE_sg1	ACHE	GGTGTCCATGAACTACCGGG	533	488	588	688	277
ACHE_sg2	ACHE	TATGTGGACACCCTATACCC	578	596	569	398	550
ACHE_sg3	ACHE	TGGTGGGAATGACACAGAGC	642	658	638	720	422
ACHE_sg4	ACHE	TGTCCTCGTCTGGATCTATG	209	173	185	228	83
ACLY_sg1	ACLY	AGAGCAATTCGAGATTACCA	511	509	564	354	693
ACLY_sg2	ACLY	CGGTCACCTGTACACGACAG	424	399	462	313	186
ACLY_sg3	ACLY	GACCAGCTGATCAAACGTCG	651	669	759	929	908
ACLY_sg4	ACLY	GCCAGCGGGAGCACATCGGT	648	655	775	550	366
ACO1_sg1	ACO1	CCTGCCCCTAACATCACAGA	728	654	687	537	535
ACO1_sg2	ACO1	CTTGGTGTCTAGGTTTGACG	605	625	676	717	448
ACO1_sg3	ACO1	TTATTACCCAGACAGCCTCG	599	608	679	584	306
ACO1_sg4	ACO1	TTGCATATGCTATTACTAAG	665	766	606	217	610
ACR_sg1	ACR	AAGCGCCCACACGAAATGGG	757	653	695	247	991
ACR_sg2	ACR	CCCCGACACTTACTCACACG	632	521	643	787	253
ACR_sg3	ACR	GAAAGCGCCTATGTGGTCGT	283	257	238	191	93
ACR_sg4	ACR	TAATGTGCATGACTGGAGAC	347	291	390	279	400
ACO2_sg1	ACO2	ATCTTCTCCGAGAGTGTCAG	700	774	706	852	541
ACO2_sg2	ACO2	GTCTCAATAGGACATCAACC	545	611	508	252	482
ACO2_sg3	ACO2	GTGCAGCTACCAATTAGACC	274	296	319	217	353
ACO2_sg4	ACO2	TCTCGGGGTTTGCGTCGTTG	557	635	625	724	761
ACOX1_sg1	ACOX1	ACCTATCACCGGATTAACGA	754	796	761	868	952
ACOX1_sg2	ACOX1	CTGTGGTTTCCAAGCCTCGA	631	737	735	375	312
ACOX1_sg3	ACOX1	GCGCCGCCGAGAGATCGGTG	584	626	542	448	545
ACOX1_sg4	ACOX1	TGGCATTGAAGCATGTCGGA	480	570	395	321	210
ACP1_sg1	ACP1	ACATAGTATATAATCAAATG	359	398	312	134	305
ACP1_sg2	ACP1	ACCCAGACACACAAACAGCA	798	791	893	538	428
ACP1_sg3	ACP1	GGAACCCCCCTGACTACCGA	567	502	506	658	574
ACP1_sg4	ACP1	GGGGTTCCCTATCTCATACC	429	419	496	335	597
ACP2_sg1	ACP2	ACATGGTGGCCAACGAGACA	519	545	610	498	687
ACP2_sg2	ACP2	ACCAGTGAAGACATATCCCA	696	803	811	494	665
ACP2_sg3	ACP2	CACCTCTTATCACCGGCAAG	294	291	261	105	422
ACP2_sg4	ACP2	TTCTGCAGCTGCTCATAACG	594	707	664	730	739
ACP5_sg1	ACP5	ACCCACGGCTACAAAGCGCA	259	275	231	81	224
ACP5_sg2	ACP5	CTGGACACAGTGACACTATG	580	568	521	467	782
ACP5_sg3	ACP5	GCTCGGCTATGGACCACACG	625	539	580	382	839
ACP5_sg4	ACP5	GTACCAGGGCACTTTGCGAA	728	620	798	759	669
ACPP_sg1	ACPP	AAAGGCAGGTATAGCAACTG	254	218	281	76	326
ACPP_sg2	ACPP	ACTCCTTGGCTAGTACACTT	352	397	293	219	408
ACPP_sg3	ACPP	CTACGACCCTTTATATTGTG	299	345	322	119	358
ACPP_sg4	ACPP	GCCATGAGGATTCCTTTATG	756	864	696	942	605
ACRV1_sg1	ACRV1	CCTGACTCAAGCTCACTCAA	293	325	285	100	233
ACRV1_sg2	ACRV1	GCTGAAGGTGAGCATACTGT	706	609	799	475	475
ACRV1_sg3	ACRV1	TGGTTCAAGCAAGCACACTG	277	283	332	304	105
ACRV1_sg4	ACRV1	TTCAGGTGAGCACGCTTCAG	276	296	232	213	235
ACTA1_sg1	ACTA1	CTTCTACAACGAGCTTCGCG	324	343	260	243	373
ACTA1_sg2	ACTA1	GGGTCAGAAAGATTCCTACG	443	406	374	543	587
ACTA1_sg3	ACTA1	GGTGAAAGCCGGCTTCGCCG	411	477	353	432	585
ACTA1_sg4	ACTA1	TCAGGTAGTCGGTGAGATCG	505	596	556	488	204
ACTA2_sg1	ACTA2	CATGTATGTGGCTATCCAGG	393	345	429	273	563
ACTA2_sg2	ACTA2	GAAGCTCATTGTAGAAAGAG	776	766	819	648	588
ACTA2_sg3	ACTA2	GACGTCCCAGACATCAGGTG	304	260	254	338	349
ACTA2_sg4	ACTA2	GGCCTCACCAGTAGTAACGA	384	336	312	328	439
ACTB_sg1	ACTB	AAGAGCTACGAGCTGCCTGA	302	268	260	135	238
ACTB_sg2	ACTB	CGTACAGGGATAGCACAGCC	274	256	309	386	127
ACTB_sg3	ACTB	GGATTCCTATGTGGGCGACG	410	453	462	312	286
ACTB_sg4	ACTB	TCACCTGGGTCATCTTCTCG	622	652	678	644	423
ACTC1_sg1	ACTC1	CGATGGACGGGAAGACAGCG	450	478	469	145	313
ACTC1_sg2	ACTC1	CTGGGCTTCATCACCTACGT	550	507	537	532	300
ACTC1_sg3	ACTC1	GGTACGGCCAGAAGCATACA	540	602	610	558	264
ACTC1_sg4	ACTC1	TCTTCATGAGGTAGTCAGTG	751	872	765	543	676
ACTG1_sg1	ACTG1	AGCTGTAGCCTCGCTCAGTG	345	355	303	489	516
ACTG1_sg2	ACTG1	ATGGAAGGAAACACGGCTCG	401	411	325	437	494
ACTG1_sg3	ACTG1	CAACAGAGAGAAGATGACTC	339	304	349	385	235
ACTG1_sg4	ACTG1	CTTCTACAACGAGCTGCGCG	569	515	656	479	668
ACTG2_sg1	ACTG2	AGAGCTATGAGCTGCCAGAT	444	515	451	431	431
ACTG2_sg2	ACTG2	CTGGATACCTGTGGTCACAA	470	407	516	646	329
ACTG2_sg3	ACTG2	TGAATCCAGGACGATGCCTG	349	296	394	225	480
ACTG2_sg4	ACTG2	TGATGATGCCGTGTTCAATG	446	492	421	222	453
ACTN4_sg1	ACTN4	ACAGATCGAGAACATTGATG	278	272	267	344	393
ACTN4_sg2	ACTN4	ACTCCCACAATGTCAACACC	341	314	364	404	258
ACTN4_sg3	ACTN4	GTTCATCGTCCATACCATCG	216	186	208	73	201
ACTN4_sg4	ACTN4	TGGGCGGCTTGTGCACACGC	321	329	279	296	197
ACTL6A_sg1	ACTL6A	ACCACCATACCAATAGCTGT	781	915	641	969	910
ACTL6A_sg2	ACTL6A	ACTGCAATTCCAGTCCACGA	348	334	347	147	248
ACTL6A_sg3	ACTL6A	AGAAGTTGCCTCAGGTTACG	778	858	856	686	1161
ACTL6A_sg4	ACTL6A	TGTTCCGAGGGAGAATATGG	618	698	523	270	881
ACTN1_sg1	ACTN1	CAGGACATCAACAATGCCTG	538	543	523	745	368
ACTN1_sg2	ACTN1	GCAGGGCCTTGATCTCCGAG	255	234	266	209	191
ACTN1_sg3	ACTN1	GGATCCGCCGCACAATCCCG	529	582	487	535	203
ACTN1_sg4	ACTN1	GGCCCTAACTCAGAAGCGAA	327	372	293	440	479
ACTN2_sg1	ACTN2	AGGACTTCCGGGATTACCGC	687	740	694	403	458
ACTN2_sg2	ACTN2	CCAGGTTAATATTTCCTATG	605	711	696	906	712
ACTN2_sg3	ACTN2	CGAGTCGGCGTCGCTGACAG	577	661	558	730	326
ACTN2_sg4	ACTN2	TGATGGTCCAGATCATACCC	631	647	732	263	789
ACTN3_sg1	ACTN3	CAGTGAGCTGGACTACCACG	326	375	335	275	213
ACTN3_sg2	ACTN3	CCATGGCTGGAGAACCGTGT	506	409	439	419	425
ACTN3_sg3	ACTN3	GTCCAGGGCCTTGTTAACGT	743	712	700	744	263
ACTN3_sg4	ACTN3	TGCAACTGGAGTTTGCCCGG	231	226	213	159	109
ACVR1_sg1	ACVR1	ATTACACTGTTGGAGTGTGT	683	786	601	908	772
ACVR1_sg2	ACVR1	CCATGACTTCTCATCACGGG	260	228	295	188	225
ACVR1_sg3	ACVR1	CTGGTGTAACAGGAACATCA	376	396	405	365	353
ACVR1_sg4	ACVR1	GCCATCGTTGATGCTCAGTG	441	386	508	158	188
ACVR1B_sg1	ACVR1B	AAGAGATTATTGGCAAGGGT	520	615	472	418	704
ACVR1B_sg2	ACVR1B	ACTTGACTCAGGTCACCTCA	542	584	636	452	213
ACVR1B_sg3	ACVR1B	CCGGTTCAGATAATCAAACA	428	489	363	483	266
ACVR1B_sg4	ACVR1B	CTACACGTGTGAGACAGATG	441	441	404	276	557
ACVR2A_sg1	ACVR2A	AGTGGTTTCAAACCTAGTAA	736	849	762	423	486
ACVR2A_sg2	ACVR2A	ATTGCAGAAACCATGGCTAG	384	409	349	410	156
ACVR2A_sg3	ACVR2A	CCAAAGATCCACATCAACAC	278	271	281	260	98
ACVR2A_sg4	ACVR2A	CCAGTTGCTTAACGAATATG	800	731	720	1011	323
ACVR2B_sg1	ACVR2B	ACAAGCCGTCTATTGCCCAC	491	586	430	252	579
ACVR2B_sg2	ACVR2B	ATGACTTCAACTGCTACGAT	229	200	265	340	77
ACVR2B_sg3	ACVR2B	ATGTCCACATGACCGTAGGG	672	783	694	203	920
ACVR2B_sg4	ACVR2B	CTGGAGCGCACCAACCAGAG	261	227	266	280	190
ACVRL1_sg1	ACVRL1	AGGCACCCCCAGGAACATCG	695	773	699	630	913
ACVRL1_sg2	ACVRL1	CCAGGACTGTTCATCCCTCG	733	804	742	742	898
ACVRL1_sg3	ACVRL1	CTGCGTGCTCGAGTTGCGGG	314	327	280	260	385
ACVRL1_sg4	ACVRL1	TGGACAGTGACTGCACCACA	441	398	448	583	451
ACY1_sg1	ACY1	AGGCACAAAGGTCATGTGGA	467	380	485	540	461
ACY1_sg2	ACY1	CCATGCCTCACGCTTCATGG	384	357	400	395	486
ACY1_sg3	ACY1	GCTGGACAGTGCGGATACGC	715	698	647	899	276
ACY1_sg4	ACY1	TAGCTTAGTCAGGTTCACGG	382	392	388	477	223
ACYP1_sg1	ACYP1	ACAGTGCAAGGACAATTGCA	349	286	338	396	447
ACYP1_sg2	ACYP1	TAGGCTGAGGGTAAAAAGCT	738	820	816	662	797
ACYP1_sg3	ACYP1	TGGGTCCAGAACACTGACCG	722	627	651	355	814
ACYP1_sg4	ACYP1	TTCCTGCATATGACGCACCT	665	548	641	490	372
ACYP2_sg1	ACYP2	ACCAGCAAAGGCACCGTGAC	243	206	267	248	112
ACYP2_sg2	ACYP2	CGCCCAGTCACTCAAATCCG	666	671	795	202	527
ACYP2_sg3	ACYP2	GAGGTGTTCGGAAGAGTGCA	738	632	706	485	597
ACYP2_sg4	ACYP2	TGAAGCTAGGAAAATAGGAG	278	330	297	322	409
ADA_sg1	ADA	CACAGACTGGTCCCCCAAGG	435	399	368	576	348
ADA_sg2	ADA	TCACCGTACTGTCCACGCCG	288	337	272	202	425
ADA_sg3	ADA	TCCCAGCTAACACAGCAGAG	423	345	406	456	156
ADA_sg4	ADA	TGGACATACTCAAGACAGAG	551	565	641	750	776
ADAM8_sg1	ADAM8	AGTCCGGGTACCCCTCTACG	381	375	364	499	288
ADAM8_sg2	ADAM8	CAAACAGGTTCCCACACACG	250	221	234	130	239
ADAM8_sg3	ADAM8	CCACATACAGCTCCACGTAG	367	364	352	371	444
ADAM8_sg4	ADAM8	CCAGCTTAGACTCACCAAGT	683	668	817	761	911
ADAM10_sg1	ADAM10	CCCATAAATACGGTCCTCAG	409	415	395	145	258
ADAM10_sg2	ADAM10	GGAAATGGAATGGTAGAACA	481	504	484	572	439
ADAM10_sg3	ADAM10	TTCCATCAATAACAGACCCA	780	912	847	485	571
ADAM10_sg4	ADAM10	TTTCAACCTACGAATGAAGA	357	389	396	165	210
ADAR_sg1	ADAR	AGGCAATCAACACCTCTCTG	322	260	299	245	128
ADAR_sg2	ADAR	CGTTCTCCCCAATCAAGACA	590	548	653	544	215
ADAR_sg3	ADAR	GTGCATACACTCAAGCAGTG	603	629	600	316	552
ADAR_sg4	ADAR	TTCTTGTAGGGTGAACACCG	330	268	305	266	314
ADARB1_sg1	ADARB1	GGTGAATACATGAGTGATCG	339	341	345	229	285
ADARB1_sg2	ADARB1	TCAGGTCACCAAACTTACCC	586	503	516	372	677
ADARB1_sg3	ADARB1	TTCAGAAATCAGAGCGAGGG	615	525	619	446	260
ADARB1_sg4	ADARB1	TTGGAGCCCACGTAAAAGGG	579	543	513	201	190
ADARB2_sg1	ADARB2	CAGAGCGATCGATATTCGTG	694	712	779	1020	456
ADARB2_sg2	ADARB2	GGCGTTGGGGAACTGCACGA	268	312	237	302	294
ADARB2_sg3	ADARB2	GTGGACGGCAGGACGTTCGA	583	521	613	237	474
ADARB2_sg4	ADARB2	TCCTGGCATCACAAACACGG	601	599	598	851	385
ADCY1_sg1	ADCY1	AACCGGGTTACGGACATGAG	486	431	568	263	593
ADCY1_sg2	ADCY1	CATGTTCAGATCCACCTCGG	559	595	500	230	397
ADCY1_sg3	ADCY1	CCCAGACGAAAGGACCACCA	632	708	626	384	836
ADCY1_sg4	ADCY1	CGGGGTGGTGTAGACAACGT	515	556	416	396	379
ADCY2_sg1	ADCY2	ACTCCAAGTACCGGGTCATG	264	307	239	198	347
ADCY2_sg2	ADCY2	CAGGCAGACGCTAAGCACGA	507	500	471	306	166
ADCY2_sg3	ADCY2	CCTGTAATTGCATCAAGTCG	555	515	526	364	709
ADCY2_sg4	ADCY2	TGAAGCGGCATACAAACGTG	390	412	371	276	537
ADCY3_sg1	ADCY3	AGCTGTCTCCAGTACTACAC	231	238	271	283	243
ADCY3_sg2	ADCY3	CCACGGAGATGATCACGATG	755	728	729	476	978
ADCY3_sg3	ADCY3	GTCGATGAGTATCTCGACCA	660	628	768	228	305
ADCY3_sg4	ADCY3	TCTCTTCTAGGTAATCACAG	719	653	717	623	233
ADCY5_sg1	ADCY5	AGCCGCTCCAGTTTGTCCGA	397	360	358	223	367
ADCY5_sg2	ADCY5	AGCTACACTCACCTTTACGC	756	901	605	723	996
ADCY5_sg3	ADCY5	CACAGCGGGCGAGTACACTG	761	632	859	1035	859
ADCY5_sg4	ADCY5	GACGACGATCCTCCGCTGAG	541	489	455	174	685
ADCY6_sg1	ADCY6	AACACTGCAGTACCTGAACG	412	444	442	600	531
ADCY6_sg2	ADCY6	ATAGATCCCAAGCATCAGGG	363	338	390	459	236
ADCY6_sg3	ADCY6	GATGACGCCTTCATCCGGAG	624	570	686	587	364
ADCY6_sg4	ADCY6	TTGGCCTGGCAACTTAACCG	455	429	492	637	539
ADCY7_sg1	ADCY7	AGAGGCACCAGAATGTCAGG	264	315	297	359	177
ADCY7_sg2	ADCY7	CCGTAGCCGGGTGCACATCA	662	665	709	230	692
ADCY7_sg3	ADCY7	GCGTGGGTAGGCAGCGACAC	622	714	510	376	565
ADCY7_sg4	ADCY7	TGTACGTCGAGTGTCTCCTG	601	541	633	445	672
ADCY8_sg1	ADCY8	ATTTCCAGGACAACAAACCG	387	361	427	507	500
ADCY8_sg2	ADCY8	CAAAACACGATGTTGACATG	781	932	825	351	928
ADCY8_sg3	ADCY8	CGATATTTAAGATGGCACCC	475	532	403	357	524
ADCY8_sg4	ADCY8	GCTGCAGGTCATCCTCCAAG	436	462	518	377	493
ADCY9_sg1	ADCY9	GATATCGGGTCAGAGAGCCA	336	304	305	202	369
ADCY9_sg2	ADCY9	GCTACCACGTCACTGCATCG	595	698	711	213	687
ADCY9_sg3	ADCY9	GGGAGACTGTTACTACTGCG	321	368	281	233	303
ADCY9_sg4	ADCY9	TGTACGCCCGGCATTACGCG	323	310	375	419	428
ADCYAP1_sg1	ADCYAP1	AGAGGAAGAGGCGTACGGCG	375	356	346	472	489
ADCYAP1_sg2	ADCYAP1	GAAGCACCTGCAGTCGCTCG	490	435	533	387	230
ADCYAP1_sg3	ADCYAP1	GCTGCCAGACTTCGATGGCT	790	755	851	754	995
ADCYAP1_sg4	ADCYAP1	GGCCTCGTTAAGGATCCCGT	350	341	396	338	481
ADCYAP1R1_sg1	ADCYAP1R1	CGAATCTTCAACCCAGACCA	699	680	601	951	436
ADCYAP1R1_sg2	ADCYAP1R1	GGTGAGCCGGAACTGCACGG	782	670	821	491	448
ADCYAP1R1_sg3	ADCYAP1R1	TGAATATGAATCTGAGACTG	693	610	707	672	333
ADCYAP1R1_sg4	ADCYAP1R1	TGTGGGACAACATCACGTGT	207	239	191	81	107
ADD1_sg1	ADD1	ATTATCGAGCATCCGCATGA	695	594	775	1035	549
ADD1_sg2	ADD1	CCTCTTGCCAATCTCCCCGG	232	224	260	179	85
ADD1_sg3	ADD1	GACTAGCAGATCTCTTTGGG	763	798	862	460	401
ADD1_sg4	ADD1	GTAATGCCAATAGGCCTGTG	497	569	595	413	646
ADD2_sg1	ADD2	ACTCGGCCATCTATGCAGCG	248	215	201	124	109
ADD2_sg2	ADD2	GCTGAGTGACACCTATGTCA	276	250	223	266	103
ADD2_sg3	ADD2	GGAGAAGCACCGGCCCCATG	677	544	598	982	212
ADD2_sg4	ADD2	GGTGCTAAGAAACCATGGAG	739	669	663	1041	660
ADD3_sg1	ADD3	AAGGATCCCACATTTCATGG	515	577	582	628	763
ADD3_sg2	ADD3	ACCCAGAATACATTAGGGAG	303	355	300	396	239
ADD3_sg3	ADD3	CTAGGCTTCTCTCGAATGAG	224	180	191	154	261
ADD3_sg4	ADD3	GTCTACAAGTCTGTACAGGC	718	763	807	529	765
PLIN2_sg1	PLIN2	CCAATACCTATGCCTGTAAG	562	519	464	609	569
PLIN2_sg2	PLIN2	CTCAGCCTATCTCAGTACAA	470	438	515	260	560
PLIN2_sg3	PLIN2	GCAGCATTAACACAGTCTTG	759	699	669	544	369
PLIN2_sg4	PLIN2	GGATAAGCTCTACCTCTCAT	581	546	564	180	524
ADH1A_sg1	ADH1A	ACAGACTTTCTCTAGAGGCG	613	513	723	801	744
ADH1A_sg2	ADH1A	CACACTGAGGAATAGCGAGT	221	254	205	266	95
ADH1A_sg3	ADH1A	CCAGTGTAAGCAATCCTCAG	529	514	626	298	417
ADH1A_sg4	ADH1A	CCATGGTACCACTAACCACG	382	429	316	293	536
ADH1B_sg1	ADH1B	CACCTTCTCCCAGTACACGG	387	429	390	120	455
ADH1B_sg2	ADH1B	CTGTCACACAGATGACCACG	587	683	482	610	418
ADH1B_sg3	ADH1B	GTCTGCAGTTAACGTTGCCA	650	742	683	588	637
ADH1B_sg4	ADH1B	TGGAGCAGCCAGAATCATTG	316	268	346	376	260
ADH1C_sg1	ADH1C	AGCAGCCAGAATCATTGCTG	678	656	646	390	692
ADH1C_sg2	ADH1C	CACCTTCTCCCAGTACACAG	786	642	918	734	661
ADH1C_sg3	ADH1C	GGTAGAGGTTGCACCTCCTA	490	508	508	694	236
ADH1C_sg4	ADH1C	TGAAAACATAGGTCACCCCA	679	632	612	711	357
ADH4_sg1	ADH4	AAATTTAGAATCGATAACAG	680	813	653	911	307
ADH4_sg2	ADH4	TACATTCTCTCAGTACACTG	702	592	614	988	876
ADH4_sg3	ADH4	TCAACCTCTTCAATGCAAAG	345	390	386	315	514
ADH4_sg4	ADH4	TTCCCACACAAATTTGTGAG	266	232	216	189	245
ADH5_sg1	ADH5	GCTGGAATTGTGGAAAGTGT	557	546	565	745	298
ADH5_sg2	ADH5	TCAGGGTATAGGCATCGGTG	486	575	435	208	402
ADH5_sg3	ADH5	TGCTTCCCGGATCATTGGTG	702	807	581	628	257
ADH5_sg4	ADH5	TGGGTTTACTAAAATCCTGA	762	906	629	1089	970
ADH6_sg1	ADH6	AAAACCCAACTGATGTCTGA	382	320	311	273	511
ADH6_sg2	ADH6	CCTTCATGGCCCAAGATGGT	495	419	431	379	652
ADH6_sg3	ADH6	TAAGCACAGTGAAACCAGGT	676	784	560	1004	370
ADH6_sg4	ADH6	TGCTGCAATCAATACTGCCA	523	601	570	280	576
ADH7_sg1	ADH7	AAGACGACGCAAGTGGAACC	641	609	722	730	842
ADH7_sg2	ADH7	CCTACTCGCTCCTAATGCAA	485	515	428	267	591
ADH7_sg3	ADH7	CTTGGGACTGATACACTCAG	375	404	369	170	164
ADH7_sg4	ADH7	TACATTTACCGAGTACACAG	552	576	520	295	824
ADK_sg1	ADK	AAAGTCGAATATCATGCTGG	410	448	387	275	323
ADK_sg2	ADK	ACAGCAGAGATGTCAAGCAG	349	289	316	261	361
ADK_sg3	ADK	GTAGTAATGAGCATCCACAT	485	476	486	693	347
ADK_sg4	ADK	TCTGGAGAAAAACTGGATGT	627	560	646	402	844
ADM_sg1	ADM	CGACGCGACATCCAACCGAG	493	582	409	531	281
ADM_sg2	ADM	CTAGGAAGGCGAGCGAACCC	688	657	754	702	576
ADM_sg3	ADM	GCACCGTGCACGTCCCGAAG	265	250	247	265	288
ADM_sg4	ADM	TCTGGCGGTAGCGCTTGACT	474	434	510	524	281
ADORA1_sg1	ADORA1	AGGGGTCAGTCCCACCACGA	621	589	644	831	475
ADORA1_sg2	ADORA1	GAGGACCATGAGGAGAAGCG	485	454	547	640	489
ADORA1_sg3	ADORA1	GGAGAGGGATCTTGACCCGG	759	806	744	418	947
ADORA1_sg4	ADORA1	GGCAGCCAACGGCAGCATGG	216	205	235	238	153
ADORA2A_sg1	ADORA2A	AAGCAGTTGATGATGTGTAG	223	237	192	86	112
ADORA2A_sg2	ADORA2A	ATGCTAGGTTGGAACAACTG	717	664	766	736	1050
ADORA2A_sg3	ADORA2A	GCGGCGGCCGACATCGCAGT	221	264	211	286	238
ADORA2A_sg4	ADORA2A	TGGCTTGGTGACCGGCACGA	312	374	257	266	243
ADORA2B_sg1	ADORA2B	CACCAGCATTATAAGCAGTG	423	426	437	379	548
ADORA2B_sg2	ADORA2B	GGTATAAAAGTTTGGTCACG	727	696	797	290	363
ADORA2B_sg3	ADORA2B	TCTCAAAGAGACACTTCACA	459	488	545	398	624
ADORA2B_sg4	ADORA2B	TGGAGTCAATCCGATGCCAA	643	634	518	856	921
ADORA3_sg1	ADORA3	ATGGCGCACATGACAACCAG	224	188	216	218	329
ADORA3_sg2	ADORA3	ATTGGACTCTGCGCCATAGT	296	272	296	133	290
ADORA3_sg3	ADORA3	GACATTTCTGTGGTACTCTG	332	353	333	222	240
ADORA3_sg4	ADORA3	GATGCCCAGGCTGACAACAA	451	405	435	164	253
ADPRH_sg1	ADPRH	AAGTGAGCATCGAGAGTGGT	662	574	557	307	912
ADPRH_sg2	ADPRH	AGTCTTGGTAATGCTTAGCA	715	616	849	664	563
ADPRH_sg3	ADPRH	ATAGCAGACCACCCTTGCAG	321	309	258	155	411
ADPRH_sg4	ADPRH	GGAGAAGATACACCGGCAGT	585	504	592	195	252
PARP1_sg1	PARP1	AGCTAGGCATGATTGACCGC	507	590	515	616	623
PARP1_sg2	PARP1	CGATGCCTATTACTGCACTG	599	578	497	367	260
PARP1_sg3	PARP1	GGCCATGATTGAGAAACTCG	629	585	626	682	857
PARP1_sg4	PARP1	TACCGATCACCGTACCCACA	341	350	341	472	263
PARP4_sg1	PARP4	CACACCAACTTACATCGTTG	506	458	526	285	203
PARP4_sg2	PARP4	CTGTTGCCAGGGTGCTACGG	688	656	728	482	302
PARP4_sg3	PARP4	GAGTCGATCATTGAGAAACA	518	587	427	483	495
PARP4_sg4	PARP4	TCTCCTGTACAAAACATCGT	609	686	651	703	206
ADRA1D_sg1	ADRA1D	ATCTCCGTGGACCGGTACGT	568	564	506	681	502
ADRA1D_sg2	ADRA1D	CGGCGACGTGAATGGCACGG	209	198	216	89	235
ADRA1D_sg3	ADRA1D	TACCGCAGAAGCGCTCGTCA	565	669	534	574	419
ADRA1D_sg4	ADRA1D	TGCGCGCGACCACGTACACG	508	449	561	186	264
ADRA1B_sg1	ADRA1B	CATCCTAGTCATCTTGTCTG	320	322	352	116	131
ADRA1B_sg2	ADRA1B	CCATTCCAAGAACTTTCACG	458	474	514	656	493
ADRA1B_sg3	ADRA1B	CTCCATCGATCGCTACATCG	582	559	532	649	234
ADRA1B_sg4	ADRA1B	TCTTGGCCACTATATAGACA	430	487	400	292	551
ADRA1A_sg1	ADRA1A	ATCTCCATCGACCGCTACAT	492	519	404	598	175
ADRA1A_sg2	ADRA1A	CCAAGACGCACTTCTCAGTG	285	290	333	303	93
ADRA1A_sg3	ADRA1A	GGGTCCAATGGATATGACCA	416	429	333	492	333
ADRA1A_sg4	ADRA1A	TGGCCTCAAGACCGACAAGT	276	239	230	309	129
ADRA2A_sg1	ADRA2A	ATGATGGCCTTGATGCGGCG	658	704	737	548	905
ADRA2A_sg2	ADRA2A	GACGAGCACGTTGCCGAACA	273	309	322	198	354
ADRA2A_sg3	ADRA2A	TCCAGCGCGTCGGTGTCGCG	315	340	302	355	341
ADRA2A_sg4	ADRA2A	TGGTCGTTGATCTCGCAGCG	316	369	279	252	298
ADRA2B_sg1	ADRA2B	CAGCCCCGACCCGACCATGG	326	281	296	257	448
ADRA2B_sg2	ADRA2B	CGGACACTCGAAGTCCACTG	586	515	633	523	482
ADRA2B_sg3	ADRA2B	TGGAGTTGTACTCCAGCGCG	597	599	592	572	791
ADRA2B_sg4	ADRA2B	TGGTCGCCCTTGTAGATGAG	799	742	643	1029	864
ADRA2C_sg1	ADRA2C	ACACAGATGCACGATCGACG	586	607	590	449	579
ADRA2C_sg2	ADRA2C	ATGGTGGCCTTGACGCGGCG	673	634	695	589	993
ADRA2C_sg3	ADRA2C	CTACGCGCGCATCTACCGAG	535	447	532	566	385
ADRA2C_sg4	ADRA2C	TGTACCAGGTCTCGTCGTTG	620	638	559	233	799
ADRB1_sg1	ADRB1	CGCACGCCCGTTGGCCAGCG	586	525	518	814	221
ADRB1_sg2	ADRB1	GTAGAAGGAGACTACGGACG	384	457	446	325	339
ADRB1_sg3	ADRB1	TGGCCATCGCCAAGACGCCG	436	381	456	486	392
ADRB1_sg4	ADRB1	TGGCCCACACGGTGCACACG	353	287	381	346	339
ADRB2_sg1	ADRB2	ATCCACTGCGATCACGCACA	541	538	529	792	393
ADRB2_sg2	ADRB2	CAGACGCTCGAACTTGGCAA	509	427	566	286	274
ADRB2_sg3	ADRB2	CCCTTTCCTGCGTGACGTCG	747	817	700	370	394
ADRB2_sg4	ADRB2	GGGAACGTAGAAGGACACGA	372	431	435	419	274
ADRB3_sg1	ADRB3	ACCAGTGCGCCGTAACGCAG	497	518	562	734	214
ADRB3_sg2	ADRB3	CAGCGAAGTCACGAACACGT	566	457	574	342	368
ADRB3_sg3	ADRB3	CCAATACCGCCAACACCAGT	458	469	414	179	153
ADRB3_sg4	ADRB3	GATGGGCGCAAACGACACCG	484	569	416	371	622
ADRBK1_sg1	ADRBK1	CATCGCATCATTGGGCGCGG	757	864	790	721	893
ADRBK1_sg2	ADRBK1	CCAGGTCCGAGATCCGCACG	747	821	807	752	796
ADRBK1_sg3	ADRBK1	CTCCTCATAGAATTCCACCA	513	421	602	377	638
ADRBK1_sg4	ADRBK1	TCTGGAACACGTCCCCTCGG	439	435	471	313	245
ADRBK2_sg1	ADRBK2	ACTACTTACACACTCGCATG	717	651	781	977	279
ADRBK2_sg2	ADRBK2	GATGAAGCAGAGTTTATCTG	763	644	897	830	294
ADRBK2_sg3	ADRBK2	TATTGGACGAGGAGGATTCG	202	169	207	89	300
ADRBK2_sg4	ADRBK2	TCTTCATAAAACTTCACCTG	516	485	441	742	566
ADSL_sg1	ADSL	AAATGTGTGAAACCTAATGT	344	279	353	508	386
ADSL_sg2	ADSL	CAGCAACGTTCTGAACGCAT	733	745	714	817	295
ADSL_sg3	ADSL	GGTATAAATTCCGGACATGG	562	587	657	761	237
ADSL_sg4	ADSL	TATTGAAGTACTGTCTGTGC	342	340	284	302	331
ADSS_sg1	ADSS	AATTTGAAGAGGTTACAAAA	774	646	897	470	435
ADSS_sg2	ADSS	CAGCTTTGGACGAATAAACT	479	563	570	689	675
ADSS_sg3	ADSS	TGACAGAGCTCATATTGGTA	637	747	514	565	642
ADSS_sg4	ADSS	TTTGGATTAATTATTCCACT	785	820	820	1114	316
AP2A1_sg1	AP2A1	ACTACTTCGTCCCAGCACCC	731	630	851	315	480
AP2A1_sg2	AP2A1	AGGCCTTGTACAGTCGAAGG	508	600	411	171	658
AP2A1_sg3	AP2A1	CGGAGCGGGACGTCAGCGTG	732	833	810	808	292
AP2A1_sg4	AP2A1	TGGTGACGATCTGTAGCACA	580	479	648	852	754
AP2A2_sg1	AP2A2	CATCTCGGCCACGATCTGTG	617	580	547	475	850
AP2A2_sg2	AP2A2	GCTGAGTTCAAACAGATACA	447	404	462	416	313
AP2A2_sg3	AP2A2	GGACGACGTGCAGGGCTACG	560	549	500	760	286
AP2A2_sg4	AP2A2	GGGCGACTGGACATCCCGAG	353	312	346	199	495
AP1B1_sg1	AP1B1	CCTCGCCAACTATATGCCCA	389	348	413	238	360
AP1B1_sg2	AP1B1	CTAACAGTGTGGGCTCGATG	461	474	372	310	174
AP1B1_sg3	AP1B1	CTTTAGAAAGAGTTTCACAA	721	671	786	799	900
AP1B1_sg4	AP1B1	TGGCGTAATTCATCAAGTAG	753	630	808	680	624
AP2B1_sg1	AP2B1	ACTTGCCAATTCATCATGGG	245	236	293	182	178
AP2B1_sg2	AP2B1	GAGTTGGCATGGGATAGCCG	274	327	261	126	341
AP2B1_sg3	AP2B1	GGTGGTGGCTAATGCCGTAG	438	409	488	330	282
AP2B1_sg4	AP2B1	GTCTAAGTTCTCACACAGAG	269	266	303	85	241
AP1G1_sg1	AP1G1	ATAGCACGCAATTCGTACAG	589	696	571	288	224
AP1G1_sg2	AP1G1	CATGCAGCCACTTGTACCAA	363	417	429	514	257
AP1G1_sg3	AP1G1	GGTATGCACCTTCCAAACGA	339	290	368	486	180
AP1G1_sg4	AP1G1	TGTTCAATAAGAAACGACCC	338	365	302	445	460
AEBP1_sg1	AEBP1	CCAGACCTTTCATGGGAACG	664	628	724	935	315
AEBP1_sg2	AEBP1	GCACCAGGCTGCGCACACGT	273	325	297	303	122
AEBP1_sg3	AEBP1	GCGCCGAATGTACTCAACTG	528	461	448	492	500
AEBP1_sg4	AEBP1	GTGTGACTCCATCCCAATGG	781	763	875	479	320
AES_sg1	AES	CAAGCTCGAATGTGACAAGT	428	345	500	629	608
AES_sg2	AES	CCTGCCCTACCTCTCCCAAG	715	625	848	762	304
AES_sg3	AES	CGGATGATAGAGTTCAGCTC	695	776	826	591	711
AES_sg4	AES	GTGGTGAATTTGAGTTGCTG	700	690	613	1003	1031
CRISP1_sg1	CRISP1	AACTACTGACCACTACACTC	225	219	232	214	143
CRISP1_sg2	CRISP1	GAGTCTACAAGTTTCAAACA	246	213	269	136	79
CRISP1_sg3	CRISP1	TTAATATACACAACGCCCTC	425	412	503	439	159
CRISP1_sg4	CRISP1	TTGGAAGTCTCCTCTCAAGG	225	196	181	149	78
AFM_sg1	AFM	AAAAAATATGTGCTATGGAG	466	530	477	524	280
AFM_sg2	AFM	AGAGAATATTCACCGTGTCA	524	454	449	521	542
AFM_sg3	AFM	AGTCAACTGCCTTCAAACAA	639	649	628	446	892
AFM_sg4	AFM	TATAACAAGAAATCTGATGT	438	469	459	599	477
AFP_sg1	AFP	ACATTGACCACGTTCCAGCG	679	681	810	438	342
AFP_sg2	AFP	AGTGGCTTCTTGAACAAACT	521	465	538	254	748
AFP_sg3	AFP	AGTTGAATGCTTCCAAACAA	490	517	516	148	428
AFP_sg4	AFP	ATTGTAGGTGCATACAGGAA	314	313	367	287	236
AGA_sg1	AGA	ATGGTTGTAATCCATAAGAC	201	214	193	180	264
AGA_sg2	AGA	CCAGATCCCTCAAAATACTG	782	770	653	701	686
AGA_sg3	AGA	GGGCCAAGTGTTGACGACCA	346	411	315	287	138
AGA_sg4	AGA	TGGAGGGCATTAGCATCTGG	251	224	284	315	151
ACAN_sg1	ACAN	CAGCGGTCACCTGCACGACG	716	602	673	264	277
ACAN_sg2	ACAN	CCTGCGCTCCAATGACTCTG	693	596	641	761	626
ACAN_sg3	ACAN	GAACCAGCCTATACCCCAGT	401	424	431	334	264
ACAN_sg4	ACAN	GAGGGCAGTTCACCAACCGT	331	355	370	381	420
AGER_sg1	AGER	CATCATAGGAGTATCTGTGA	380	321	376	439	134
AGER_sg2	AGER	GTCAGGGTTACGGTTCCACC	223	263	237	192	239
AGER_sg3	AGER	GTGCTCAAAACATCACAGCC	609	714	644	229	670
AGER_sg4	AGER	TGGAATTCTTACGGTAGACA	312	282	285	239	188
AGL_sg1	AGL	AAACACGAAACCTTATAGGA	467	557	489	210	547
AGL_sg2	AGL	ACGCTATGGGAATAAACCAG	259	252	249	200	311
AGL_sg3	AGL	ATGCGTAATATCCATAAACA	202	207	237	215	179
AGL_sg4	AGL	TGAAGAGTAACACAGTCCAA	593	643	483	806	533
AGRP_sg1	AGRP	ACGCAGCGACGTGAGGAGCG	434	387	454	191	210
AGRP_sg2	AGRP	AGAAGAGGATCTGTTGCAGG	641	593	582	336	690
AGRP_sg3	AGRP	CCTGCAGGTACTAGACCTGC	305	284	357	425	197
AGRP_sg4	AGRP	GCCACGCGAGGAGCCCAGAT	794	831	940	975	555
JAG1_sg1	JAG1	AAGTGCAAGAGTCAGTCGGG	486	431	581	184	202
JAG1_sg2	JAG1	ATGGGCCCCGAATGTAACAG	748	613	824	696	483
JAG1_sg3	JAG1	GATGAGGCCACGTGCAACAA	794	750	773	617	561
JAG1_sg4	JAG1	TCATCAGCCGTGTCTCAACG	563	516	644	747	527
AGT_sg1	AGT	AGAGCGTGGGAGGACCACAG	420	404	375	364	609
AGT_sg2	AGT	CTTACCTTGGAAGTGGACGT	324	314	320	258	341
AGT_sg3	AGT	TGTCCTTCCAAGGAACACCC	712	826	641	676	1065
AGT_sg4	AGT	TTGACACCGAAGACAAGTTG	740	617	645	1098	768
AGTR1_sg1	AGTR1	CAAGCATTGTGCGTCGAAGG	388	395	352	451	454
AGTR1_sg2	AGTR1	GCTGTGTAGACAGCCCATAG	526	477	588	183	194
AGTR1_sg3	AGTR1	GTAGAAACACACTAGCGTAC	262	254	220	227	378
AGTR1_sg4	AGTR1	TCAGGCCCAGCCCTATCGGG	257	262	205	220	266
AGTR2_sg1	AGTR2	ACAGGCCATACACCAAACAA	330	395	329	409	195
AGTR2_sg2	AGTR2	ATTGGGCATATTTCTCAGGT	445	477	465	158	512
AGTR2_sg3	AGTR2	GGAGTAAATCAGCCACAGCG	331	297	340	259	251
AGTR2_sg4	AGTR2	GTACCTATCAACACTCATGC	600	655	628	329	356
APLNR_sg1	APLNR	CACAGACTGGAAATCCTCGG	698	833	802	985	743
APLNR_sg2	APLNR	CATGGTGTTACGCACCACCG	543	500	482	726	494
APLNR_sg3	APLNR	GGGCACCACAAAGCCCACGG	620	679	711	328	211
APLNR_sg4	APLNR	GTCATAGTCCCGGTACGTGT	294	318	287	217	242
AGXT_sg1	AGXT	CCCCTTTACATGGACCGGCA	663	645	586	217	893
AGXT_sg2	AGXT	CCGATGACCAAGGACCCTGG	291	285	287	394	246
AGXT_sg3	AGXT	GCTGCTGTTCTTAACCCACG	585	626	586	737	828
AGXT_sg4	AGXT	GTCACTGAAGGAGATGAGCG	276	302	253	322	397
NR0B1_sg1	NR0B1	GAGCACAAATCAAGCGCAGG	665	647	705	379	814
NR0B1_sg2	NR0B1	GAGCGCAAAGCAAACGTACG	752	778	820	733	578
NR0B1_sg3	NR0B1	GGTAAAGAGGCGCTACCAGG	626	587	607	255	473
NR0B1_sg4	NR0B1	TAGCTCAAAGCAAACGCACG	607	558	717	726	497
AHCY_sg1	AHCY	AACATGATTCTGGACGACGG	710	733	801	926	546
AHCY_sg2	AHCY	CTCTGAGGAGACCACGACTG	547	600	564	329	627
AHCY_sg3	AHCY	GATGATGTCAATACAGCCTG	774	745	667	255	931
AHCY_sg4	AHCY	GCGGGCTCCGAAACCCCGCA	798	742	870	1149	502
AHR_sg1	AHR	ATCGCAAACAAAGCCAACTG	780	731	921	540	1097
AHR_sg2	AHR	CTTACTTCGGATATGGGACT	706	752	646	894	567
AHR_sg3	AHR	TACCACATCCACTCTAAGCA	348	292	285	297	337
AHR_sg4	AHR	TTATAACAGACTACTGTCTG	650	668	767	470	786
AHSG_sg1	AHSG	AGACACTGTAAACTCCACAT	277	222	282	139	203
AHSG_sg2	AHSG	AGATTGATGAAGTAAAGGTG	421	400	382	307	397
AHSG_sg3	AHSG	GCAACACTCAGTGAGAAGCT	224	227	214	175	279
AHSG_sg4	AHSG	GTTGTCTATAAATCAGCCCT	455	401	368	633	484
AIF1_sg1	AIF1	AAAAGCTTTCGGACTGCTGA	227	248	205	201	257
AIF1_sg2	AIF1	CAAACTCCATGTATTTCTCT	228	243	208	158	239
AIF1_sg3	AIF1	TGCTATATTTGGGATCGTCT	571	616	533	773	320
AIF1_sg4	AIF1	TTTCAGGGACATGATATCTG	685	740	555	959	853
AIM1_sg1	AIM1	AAATGGTCTTCGTGAATAGG	488	509	583	277	276
AIM1_sg2	AIM1	AGAAACCAAAGTTACCGTCT	527	453	624	373	436
AIM1_sg3	AIM1	GCCCAGGAACCATTTCGGCG	641	557	559	648	779
AIM1_sg4	AIM1	GTGTCACAGCCCACGACTGA	684	644	740	382	929
AK1_sg1	AK1	AAGAGTTTGAGCGACGGGTA	431	427	354	384	475
AK1_sg2	AK1	AGTATTGACTTTGGCCACCA	264	292	283	377	86
AK1_sg3	AK1	GATTGATGGCTACCCGCGGG	531	434	499	786	541
AK1_sg4	AK1	GCCCTGAGACCATGACCCAG	595	490	500	193	676
AK2_sg1	AK2	AGGCTGATTCACCCCAAGAG	380	388	310	183	423
AK2_sg2	AK2	ATGGATGCTGGGAAACTGGT	255	251	233	248	185
AK2_sg3	AK2	GTCCCTTTACCGGCCCCGGG	568	455	664	374	180
AK2_sg4	AK2	GTGAGGCAGGCAGAAATGGT	572	528	593	356	249
AK4_sg1	AK4	ATTCTTACATGTACATGAGG	298	294	299	200	406
AK4_sg2	AK4	GAGAACATCAAGGCCAGCAC	654	704	654	520	502
AK4_sg3	AK4	GTGCCCTTGCCCGAGCCGGG	716	648	699	709	1071
AK4_sg4	AK4	TCCGAGTTGGAGAACAGGCG	429	392	394	330	462
AKT1_sg1	AKT1	CCTGCACTCGGAGAAGAACG	240	251	219	127	322
AKT1_sg2	AKT1	GAAGGTGCGTTCGATGACAG	770	826	829	918	651
AKT1_sg3	AKT1	TGTCATGGAGTACGCCAACG	606	606	539	603	657
AKT1_sg4	AKT1	TGTTGAGGGGAGCCTCACGT	399	331	358	584	379
AKT2_sg1	AKT2	CTCTTGAGTACTTGCACTCG	727	743	592	470	529
AKT2_sg2	AKT2	GACCCCATGGACTACAAGTG	277	280	234	371	348
AKT2_sg3	AKT2	GGGGGGTAGAGTCTGATCAG	313	306	374	430	316
AKT2_sg4	AKT2	TCTCGTCTGGAGAATCCACG	759	786	784	385	650
ALAD_sg1	ALAD	AGACTCACGTGACAAAGATG	448	479	397	374	426
ALAD_sg2	ALAD	ATGGATTGCCTCAATAGCTG	544	650	635	564	171
ALAD_sg3	ALAD	CACACAGGTATGGTGTGAAG	419	436	375	282	214
ALAD_sg4	ALAD	GGACATGATGGATGGACGCG	772	779	919	402	405
ALAS1_sg1	ALAS1	ACAGATCAAAGAAACCCCTC	429	473	353	146	539
ALAS1_sg2	ALAS1	CCACAATCTTGGGGACTGAG	343	382	361	407	467
ALAS1_sg3	ALAS1	TCGAATCCCTTGGATCATGG	529	593	613	629	361
ALAS1_sg4	ALAS1	TGGTGCAGTAATGACTACCT	317	331	372	111	309
ALAS2_sg1	ALAS2	AATCCACCTTAAGGCAACAA	592	681	629	453	637
ALAS2_sg2	ALAS2	ACATCACACAACTCCTCGAG	625	623	742	367	396
ALAS2_sg3	ALAS2	AGGCACCAGTAAGTTTCATG	404	432	333	211	236
ALAS2_sg4	ALAS2	ATCCAAGGTATCCGTAACAG	496	582	528	220	525
ALB_sg1	ALB	ACTTTGGCATAGCATTCATG	592	695	549	182	469
ALB_sg2	ALB	CCTCTGGTCTCACCAATCGG	593	503	534	261	433
ALB_sg3	ALB	GCAACTCTTCGTGAAACCTA	580	593	554	830	621
ALB_sg4	ALB	TCTTATCTACTTACATGCCC	384	338	308	418	412
ALCAM_sg1	ALCAM	ATCCAGATGGCAATATCACA	444	434	441	156	422
ALCAM_sg2	ALCAM	CTTACACACTGACGGATGTG	234	199	223	133	192
ALCAM_sg3	ALCAM	TGAGGTACGTCAAGTCGGCA	584	641	644	681	211
ALCAM_sg4	ALCAM	TGTGTGCATGCTAGTAACTG	268	230	231	92	89
ABCD1_sg1	ABCD1	AGTTCCTCATGAAGTATGTG	590	506	640	275	419
ABCD1_sg2	ABCD1	CTACATGCACTCGCGTGTGG	238	246	212	122	200
ABCD1_sg3	ABCD1	GATCATGTCGTCGTACAAGG	647	569	683	324	325
ABCD1_sg4	ABCD1	GGCCACATACACCGACAGGA	748	835	721	563	894
ALDH1A1_sg1	ALDH1A1	AGCATCCATAGTACGCCACG	298	284	294	103	309
ALDH1A1_sg2	ALDH1A1	AGCCTTCACAGGATCAACAG	398	446	467	321	496
ALDH1A1_sg3	ALDH1A1	GAATGGCATGATTCAGTGAG	601	550	549	659	296
ALDH1A1_sg4	ALDH1A1	TGTTGAATTTGCACACCATG	581	679	489	629	358
ALDH2_sg1	ALDH2	AGCCTTGGCAACTGGAAACG	504	462	554	625	574
ALDH2_sg2	ALDH2	CAGTGGACGGATTGACGGTG	390	409	446	276	234
ALDH2_sg3	ALDH2	CGCATGGACGCATCACACAG	770	917	844	1031	565
ALDH2_sg4	ALDH2	TTCCACGGCCCAATCCACTG	790	915	814	1080	1184
ALDH3A1_sg1	ALDH3A1	AGGGAAGAGTCCCTGCTACG	694	737	821	327	544
ALDH3A1_sg2	ALDH3A1	CTGTACCCAGTAATCAATGG	777	649	863	844	638
ALDH3A1_sg3	ALDH3A1	GGAGGTGGTGTACGTCCTAG	792	722	735	814	419
ALDH3A1_sg4	ALDH3A1	TTCTCCACAGGAGTTCTACG	658	702	753	221	345
ALDH1B1_sg1	ALDH1B1	ATTGTCCAAGGTCTCGAGTG	718	773	628	947	386
ALDH1B1_sg2	ALDH1B1	GGCATCCATCCGGCGCCATG	770	803	841	337	866
ALDH1B1_sg3	ALDH1B1	GTGCCCAATGACCTCCCCGG	536	566	529	486	178
ALDH1B1_sg4	ALDH1B1	TCCAACCCTGCATGACCAAG	641	696	572	562	748
ALDH1A3_sg1	ALDH1A3	CAGAGAGCCGAGATAAAGGG	685	804	663	466	532
ALDH1A3_sg2	ALDH1A3	CGTCCGCACACACGATGCAG	520	566	578	491	542
ALDH1A3_sg3	ALDH1A3	GAATGGCACGAATCCAAGAG	407	346	423	456	328
ALDH1A3_sg4	ALDH1A3	TGGATGCCCTGAGTCGTGGG	387	394	339	428	282
ALDH3B1_sg1	ALDH3B1	CGAGGTGCTGCCCCAATACG	259	245	303	120	287
ALDH3B1_sg2	ALDH3B1	CTATCCGCTGAACCTGACGC	462	495	470	613	344
ALDH3B1_sg3	ALDH3B1	GCAGTCAGCCTTCGAGTCGG	315	259	333	274	132
ALDH3B1_sg4	ALDH3B1	GGGCAAGAACCCTTGCTACG	800	691	660	750	362
ALDH3B2_sg1	ALDH3B2	AAGCCGTCAGAAATCAGCCA	552	644	523	595	411
ALDH3B2_sg2	ALDH3B2	AGTAGCAGAACCAGGCCACG	636	649	656	849	707
ALDH3B2_sg3	ALDH3B2	TGGGCGGACCCCAGGAGACA	534	488	592	565	460
ALDH3B2_sg4	ALDH3B2	TGGTCCTCATCATCGCACCC	211	206	240	185	293
ALDH9A1_sg1	ALDH9A1	ATATGAACAATGCTGTAAAG	360	361	296	164	370
ALDH9A1_sg2	ALDH9A1	GAGCGGCTGCGACACGACGA	299	357	334	193	253
ALDH9A1_sg3	ALDH9A1	GTATAACCAAACGATCCACC	717	694	653	1041	804
ALDH9A1_sg4	ALDH9A1	TCTGTGTCAGCATCCCGATG	607	651	693	240	267
ALDH3A2_sg1	ALDH3A2	GATGAGGCCACACGCTACAT	609	617	721	879	507
ALDH3A2_sg2	ALDH3A2	TCTCCCTCAGTATTTAGACC	782	758	813	951	651
ALDH3A2_sg3	ALDH3A2	TGGGGAAAATACATGAATTG	502	464	478	699	589
ALDH3A2_sg4	ALDH3A2	TGGTGCTGATAATCGGAGCT	203	234	201	93	94
ABCD2_sg1	ABCD2	ATTACCTCTCAGTGACACAT	265	272	228	185	137
ABCD2_sg2	ABCD2	CCCTGACCAATCTCTTACGG	252	229	206	288	204
ABCD2_sg3	ABCD2	CCTTATTGCACTGTTGACGA	276	232	224	298	238
ABCD2_sg4	ABCD2	CTGGAGCTGATGCTATTGAA	411	465	478	211	367
ALDOA_sg1	ALDOA	AATGGCGAGACTACCACCCA	514	599	454	550	199
ALDOA_sg2	ALDOA	AGGATGACACCCCCAATGCA	361	425	378	247	421
ALDOA_sg3	ALDOA	CAAGTTATCAAATCCAAGGG	241	271	215	316	221
ALDOA_sg4	ALDOA	CTGAGTGCAAGCATGGCCTG	759	869	682	730	516
ALDOB_sg1	ALDOB	AAAACACTGAAGAGAACCGC	372	386	336	219	412
ALDOB_sg2	ALDOB	GGTACCTATTGTTGAACCAG	429	422	363	177	215
ALDOB_sg3	ALDOB	TATCCACAGTTAGACCAAGG	631	630	667	465	468
ALDOB_sg4	ALDOB	TCCATCAACCAGAGCATCGG	380	338	396	227	154
ALDOC_sg1	ALDOC	CCAGGATAAGGGCATCGTCG	717	745	749	877	738
ALDOC_sg2	ALDOC	GCCCGGGGCTACAATCCGCA	642	618	680	481	508
ALDOC_sg3	ALDOC	GCGGCTGAGCCAAATTGGGG	574	487	516	492	558
ALDOC_sg4	ALDOC	GTATACATGATGGTCACTCA	474	530	507	622	361
AKR1B1_sg1	AKR1B1	CACCAACATTCTGGACACGT	245	220	226	103	308
AKR1B1_sg2	AKR1B1	CATGGGCACAGTCGATGTGG	509	527	536	580	751
AKR1B1_sg3	AKR1B1	TGGTGCACGTACCATGAGAA	743	859	619	449	899
AKR1B1_sg4	AKR1B1	TGTTTAAGATCATCTCCACC	431	361	356	491	616
ALK_sg1	ALK	CCATACCTTAAATACGTAGG	497	583	557	331	435
ALK_sg2	ALK	CTCTATTGCAGTTAGCGGAG	414	436	464	286	219
ALK_sg3	ALK	CTGTAGCACTTTCAGAAGCG	322	311	268	385	310
ALK_sg4	ALK	TCCAGACAACCCATTTCGAG	447	438	464	305	152
ALOX12_sg1	ALOX12	CCCCCATATCCGCTACACCA	631	615	569	290	660
ALOX12_sg2	ALOX12	TCCAAATATGAGATTCCATG	788	669	738	831	403
ALOX12_sg3	ALOX12	TCCATCTTCAGCATAACGAG	299	299	260	311	197
ALOX12_sg4	ALOX12	TGAAGCTCTTCCATCCCCGA	524	540	607	758	633
ALOX5_sg1	ALOX5	AACTCGATGTAGTCCCCGTG	236	233	262	260	115
ALOX5_sg2	ALOX5	CATCGATGCCAAATGCCACA	742	852	832	885	1019
ALOX5_sg3	ALOX5	GGATTCATACGACGTGACTG	783	883	865	652	1003
ALOX5_sg4	ALOX5	TAGAGCGGGTCATGAATCAC	248	283	293	305	108
ALOX5AP_sg1	ALOX5AP	AAAGCAGGACCCAGAATGGG	343	338	351	217	423
ALOX5AP_sg2	ALOX5AP	AGAGCACAGCGAGGAAAGTG	539	453	503	432	480
ALOX5AP_sg3	ALOX5AP	GCGGGGCTACTTTGCAGCCA	587	491	677	224	364
ALOX5AP_sg4	ALOX5AP	GGCAGTGTAGACCCGCTCAA	386	372	389	209	329
ALOX12B_sg1	ALOX12B	CAAGACGTGGGTACGCTATG	463	381	456	443	470
ALOX12B_sg2	ALOX12B	CCAGTTACCGCCCTCCGGTG	780	790	805	236	1157
ALOX12B_sg3	ALOX12B	GTTCCCCGTCACAGACGACA	588	617	582	642	486
ALOX12B_sg4	ALOX12B	TGCACATAGTTGCAGTACCA	706	829	623	313	351
ALOX15_sg1	ALOX15	AAGCGACTGTGGCCCGCACG	436	507	364	133	571
ALOX15_sg2	ALOX15	CAAACTATATGACCTCCCTG	561	469	512	738	530
ALOX15_sg3	ALOX15	CAATTTCAGCATGACTAGAG	556	541	546	478	413
ALOX15_sg4	ALOX15	TTCCAGGGTGTATCGCAGGT	666	667	786	899	976
ALOX15B_sg1	ALOX15B	GACAGCGGCGGATCAGGACA	348	299	351	339	492
ALOX15B_sg2	ALOX15B	TCCTTGCCGAGATTGTCCAG	763	634	740	1091	995
ALOX15B_sg3	ALOX15B	TGCCGAGTTCTCCTTCCATG	230	191	204	100	285
ALOX15B_sg4	ALOX15B	TGGGAAGCCTCAGTTCTCTG	260	269	295	197	133
ALPI_sg1	ALPI	CAACACGACACGCGGCAATG	307	287	300	374	160
ALPI_sg2	ALPI	CATGATGACCATGGTCGATG	285	250	271	246	116
ALPI_sg3	ALPI	CCGTTCGCAGACATACAATG	510	416	507	207	214
ALPI_sg4	ALPI	GATCCACCGAGACCCCACAC	468	549	386	307	333
ALPL_sg1	ALPL	AGCTCTTCCAGGTGTCAACG	743	873	645	1106	401
ALPL_sg2	ALPL	CATTGGCCTTCACCCCACAC	428	363	394	355	559
ALPL_sg3	ALPL	GATGACATTCTTAGCCACGT	526	463	609	704	479
ALPL_sg4	ALPL	GGCATGGTTCACTCTCGTGG	251	230	292	318	195
ALPP_sg1	ALPP	CCCGGACTTCTGGAACCGCG	278	288	313	107	165
ALPP_sg2	ALPP	CGAAAGTACATGTTTCGCAT	548	534	547	673	366
ALPP_sg3	ALPP	CGGCGTCCGAGTACCAGTTG	476	484	456	465	308
ALPP_sg4	ALPP	TTGTCTACATTGTATGTCTG	217	213	177	216	272
ALPPL2_sg1	ALPPL2	CGGCATCCGAGTACCAGTTG	294	266	241	192	193
ALPPL2_sg2	ALPPL2	TCGCACATCAATGTCCATGT	317	283	355	321	374
ALPPL2_sg3	ALPPL2	TGGCTCACTCACCGTCACCC	229	216	223	213	75
ALPPL2_sg4	ALPPL2	TTGTCTACACTGTATGTCTG	303	291	343	328	126
ALX3_sg1	ALX3	GCCGCGCGTTACCTTCCGCG	595	654	595	744	775
ALX3_sg2	ALX3	GCTGCCCTTGGACTGCCGAG	345	369	339	324	343
ALX3_sg3	ALX3	GGAATGTGCTGAAGGTCGTG	737	741	881	1036	957
ALX3_sg4	ALX3	TCCTGCAGGTACTTGGCGGG	749	778	871	269	651
AMBN_sg1	AMBN	CATGATGCCAAGTCTGGCAG	584	468	602	804	364
AMBN_sg2	AMBN	CCCGGTGTTCCAGATTGCTG	700	591	737	898	572
AMBN_sg3	AMBN	TTATCTGTAATATAGCTCCC	536	476	586	726	660
AMBN_sg4	AMBN	TTATCTGTGATATAGCTCCC	481	569	463	410	681
AMBP_sg1	AMBP	CCTAGGTGAATGTGTCCCTG	740	614	722	442	373
AMBP_sg2	AMBP	TAGAGCTTGGCAGTAATGGT	793	915	930	355	661
AMBP_sg3	AMBP	TGCAGAATGGAACATAACCA	479	489	479	248	364
AMBP_sg4	AMBP	TTCTAGGAAAGGTGTCTGTG	727	719	708	738	1038
AMD1_sg1	AMD1	AAGCTTGCTAGGGATTACAG	742	661	666	631	795
AMD1_sg2	AMD1	AATTCCGGTGTGGGTACCCT	557	591	511	603	253
AMD1_sg3	AMD1	ATCTTCGCACTATCCCAAGG	414	495	488	593	451
AMD1_sg4	AMD1	CCCACAAGGATTGAACATTG	302	270	336	415	186
AMELX_sg1	AMELX	ACAGCACGGGGATGATTTGG	304	297	277	421	302
AMELX_sg2	AMELX	CGGGCATCATTGGTTGCTGG	331	363	366	301	207
AMELX_sg3	AMELX	GGATTGGAGTCATGGAGTGT	737	767	796	877	341
AMELX_sg4	AMELX	TGGGCTCGTAACCATAGGAA	463	550	409	264	672
AMELY_sg1	AMELY	CAGGCATCAGTGCTTGCTGG	238	278	270	313	305
AMELY_sg2	AMELY	CGTAACCATAGGAAGAGTAC	780	836	899	1108	930
AMELY_sg3	AMELY	GATGTGGTGATGAGACTGCA	260	212	214	305	230
AMELY_sg4	AMELY	GCACCACCAAATCATCCCCG	798	954	781	886	876
AMFR_sg1	AMFR	ACAGGGACAGGACTCGACCG	645	610	680	245	890
AMFR_sg2	AMFR	CCTCAACCACGAAGGGACGT	614	604	541	516	685
AMFR_sg3	AMFR	GCACAAGAACTATCTACGTG	761	826	656	1129	1067
AMFR_sg4	AMFR	TGTCTCTCACTCACTCGAAG	432	369	512	554	435
AMH_sg1	AMH	GCAGGGCCTAGTCAACCTGT	337	360	272	451	347
AMH_sg2	AMH	GCGGACCTACCCTCTCCGCG	514	537	484	363	198
AMH_sg3	AMH	GGGAGCCAACACCCTCGCTG	255	290	260	92	219
AMH_sg4	AMH	TCTTCCGAGAAGACTTGGAC	696	781	823	887	1035
AMHR2_sg1	AMHR2	CAGTGATAAATCGGACAATG	670	744	697	684	337
AMHR2_sg2	AMHR2	CCCACAGGCCAATATAAACC	574	542	460	744	602
AMHR2_sg3	AMHR2	CCCCAGCAGGTAATCCGGGA	696	722	794	853	1036
AMHR2_sg4	AMHR2	CGAAAGAACTACAGAGTGCG	673	780	709	774	649
AMPD1_sg1	AMPD1	ACAGTAAGACCTATACCCAC	559	460	574	379	211
AMPD1_sg2	AMPD1	CAAGGACCAACTCACCCCAG	299	308	328	356	122
AMPD1_sg3	AMPD1	GCAGGTACATACTAGATCCT	722	699	809	510	1063
AMPD1_sg4	AMPD1	TATCACCTCAAAATGAAGGA	400	412	368	275	371
AMPD2_sg1	AMPD2	GAGACCCGGACCTATGAACA	626	725	573	554	581
AMPD2_sg2	AMPD2	GGTGCACGTCTACACCCGCA	472	509	445	372	647
AMPD2_sg3	AMPD2	TGCCAAATACAACCCTATTG	336	385	368	123	153
AMPD2_sg4	AMPD2	TGCCCCGTATGAGTTCCCCG	298	338	356	366	145
AMPD3_sg1	AMPD3	AAAACTGAAAACTATCTGGG	780	657	760	667	592
AMPD3_sg2	AMPD3	CACCTCACTTACTAAATCCG	520	522	471	768	396
AMPD3_sg3	AMPD3	TCACGTTATAGAAGTCCCGG	271	296	219	112	136
AMPD3_sg4	AMPD3	TGATCCGGGAGAAGTATGCG	664	692	616	728	920
AMPH_sg1	AMPH	AGACTTCCATCAAAAACTCG	414	478	483	249	533
AMPH_sg2	AMPH	ATTGCCCTGGGACCTATGGA	291	302	327	255	266
AMPH_sg3	AMPH	GGTGTCTTTGCAATGCGGAG	329	292	358	329	424
AMPH_sg4	AMPH	TCCAACACTAGGCATGCAGG	334	275	385	428	299
BIN1_sg1	BIN1	ACCTGGCCTCCGTCAAAGGT	657	655	643	409	709
BIN1_sg2	BIN1	AGTCACGCATTGCCAAGCGG	204	238	218	89	237
BIN1_sg3	BIN1	CATCACTCCTACCTGAGATG	624	581	691	620	496
BIN1_sg4	BIN1	TGAGGCAAACAAGATCGCAG	738	836	845	830	481
AMT_sg1	AMT	ACTGTCGCTGTTTACCAACG	287	318	271	151	86
AMT_sg2	AMT	AGAGGGGGTATACCTGCATG	293	322	349	295	109
AMT_sg3	AMT	CCAGGTACTACAGGCCGGCG	367	426	397	257	281
AMT_sg4	AMT	TGTAGCCACAGCGGGTCACG	503	457	419	161	662
AMY1A_sg1	AMY1A	AAGACAAGCGCTCTGTCAGA	363	362	351	269	523
AMY1A_sg2	AMY1A	CAACACCAATGTCAATGAGA	521	480	456	425	446
AMY1A_sg3	AMY1A	GTGACTAGATGCAACAATGT	564	588	648	203	644
AMY1A_sg4	AMY1A	TGAGCGATATTTAGCTCCCA	438	406	499	555	237
AMY1B_sg1	AMY1B	AACAGTAACTGGTTCCCGGA	502	432	595	702	706
AMY1B_sg2	AMY1B	AATCAACGAGGACATGGCGC	754	751	850	995	421
AMY1B_sg3	AMY1B	GACTAGATGCAACAATGTTG	374	343	305	507	270
AMY1B_sg4	AMY1B	GTCTTCTCGATCTTGCACTG	284	325	232	408	166
AMY1C_sg1	AMY1C	ATGAACCATCTCATTGACAT	430	360	435	157	356
AMY1C_sg2	AMY1C	GAACTATAATGATGCTACTC	468	456	397	464	603
AMY1C_sg3	AMY1C	GCTGTAATTAATCATATGTG	471	377	481	444	545
AMY1C_sg4	AMY1C	TAGCTCCCAAGGGATTTGGA	345	371	306	185	302
AMY2A_sg1	AMY2A	GAACTACAATGATGCTACTC	488	434	583	444	347
AMY2A_sg2	AMY2A	GAGCGATATTTAGCTCCGAA	251	253	205	265	214
AMY2A_sg3	AMY2A	TGACAATCAACGAGGACATG	599	714	535	224	503
AMY2A_sg4	AMY2A	TGTGGTAACGCTGTGAGTGC	774	683	620	349	309
AMY2B_sg1	AMY2B	AAGACAAGTGCTCTGTCAGA	687	663	812	217	439
AMY2B_sg2	AMY2B	ACAGGTCAGAGATTGTCGTC	224	232	236	282	289
AMY2B_sg3	AMY2B	ATGAATCATCTCATTGACAT	340	351	333	265	314
AMY2B_sg4	AMY2B	GACTAGATGTAACAATGTTG	363	389	407	321	506
ANG_sg1	ANG	AATGTGTTGATGTCTTTGCA	704	796	790	393	502
ANG_sg2	ANG	ATCCTGAGCCAGGGTCGGTG	257	251	252	212	118
ANG_sg3	ANG	CACTATGATGCCAAACCACA	480	466	550	702	579
ANG_sg4	ANG	GATACTGTGAAAGCATCATG	478	440	487	710	652
ANGPT1_sg1	ANGPT1	AGATATAACCGGATTCAACA	783	784	672	769	296
ANGPT1_sg2	ANGPT1	GCAGAGAGATGCTCCACACG	672	804	740	588	369
ANGPT1_sg3	ANGPT1	GCAGCTTGAGAATTACATTG	287	327	282	238	105
ANGPT1_sg4	ANGPT1	TTGCAATATGGATGTCAATG	325	334	313	154	276
ANGPT2_sg1	ANGPT2	AAGAACTGAATTATTCACCG	264	225	264	286	113
ANGPT2_sg2	ANGPT2	ACCAAACAGCGGAGCAAACG	308	348	321	412	296
ANGPT2_sg3	ANGPT2	ACCGAGTCATCGTATTCGAG	363	409	423	376	520
ANGPT2_sg4	ANGPT2	TAACGTGTAGATGCCATTCG	784	825	642	423	641
ANK1_sg1	ANK1	CATTCTAGAAACGACAACCA	339	351	306	120	329
ANK1_sg2	ANK1	GACGGGAGCCTCGATCGACG	618	703	621	533	342
ANK1_sg3	ANK1	GATCAAACACGGCGTCATGG	621	503	697	835	300
ANK1_sg4	ANK1	TGTACTTCGTGATCATGTCA	215	202	201	112	116
ANK2_sg1	ANK2	AAATGTTAACGCAAAAACCA	741	675	772	479	897
ANK2_sg2	ANK2	ACATTACGGAAATGTCAACG	464	509	521	256	445
ANK2_sg3	ANK2	GGGAGAATACCTTAGGCCTG	372	439	384	226	400
ANK2_sg4	ANK2	TGGTGTGTACCCATTTGTAG	517	565	573	516	308
ANK3_sg1	ANK3	CATGTGGATGCGCTTTACTG	268	225	297	126	323
ANK3_sg2	ANK3	GATGAAGTTCGACTGAAGTG	479	419	552	144	504
ANK3_sg3	ANK3	GGATACACACCACTGCATGT	377	392	442	394	376
ANK3_sg4	ANK3	GGGGCCGTACACTTGCGTGG	531	446	553	340	789
ANPEP_sg1	ANPEP	CATCACGCTTATCCACCCCA	601	688	653	342	200
ANPEP_sg2	ANPEP	CCTTGGACCAAAGTAAAGCG	575	486	491	728	376
ANPEP_sg3	ANPEP	CGTTCAGGGCATAATCGCCG	766	623	665	952	777
ANPEP_sg4	ANPEP	TCACGGTGGATACCAGCACG	499	423	486	680	716
SLC25A4_sg1	SLC25A4	CAAAGGGATCATTGATTGTG	500	404	479	706	432
SLC25A4_sg2	SLC25A4	CCAGACCATGGAACTCACGC	287	309	307	370	88
SLC25A4_sg3	SLC25A4	GGGGAAGTAACGGATCACGT	281	244	305	281	315
SLC25A4_sg4	SLC25A4	TGGTAACCTGGCGTCCGGTG	691	683	591	627	642
SLC25A5_sg1	SLC25A5	ACACAGGGATGTGGCCCCTG	738	653	806	739	1084
SLC25A5_sg2	SLC25A5	ACCCGTCTAGCAGCTGATGT	475	484	525	306	354
SLC25A5_sg3	SLC25A5	AGATACCGAAGTAGGCGGCT	642	640	742	615	466
SLC25A5_sg4	SLC25A5	GGAGTTCTGTCCTTCTGGCG	349	416	348	521	364
SLC25A6_sg1	SLC25A6	CCAGCGGGTACACGAAGCAG	593	578	502	403	713
SLC25A6_sg2	SLC25A6	CGAAGTTGAGGGCTTGAGTG	435	484	423	517	445
SLC25A6_sg3	SLC25A6	CGTATCGTACACGCCGAAGT	761	718	866	473	1013
SLC25A6_sg4	SLC25A6	GCCGCCGACAAGCAGTACAA	761	822	739	1114	667
ANXA1_sg1	ANXA1	AAGGCAGCGACATCCGAGGA	370	353	387	243	123
ANXA1_sg2	ANXA1	AGAAATCAGAGACATTAACA	357	310	387	179	328
ANXA1_sg3	ANXA1	CCTTACAGGTCACCTTGAGG	499	416	570	153	735
ANXA1_sg4	ANXA1	TCACACCAAAGTCCTCAGAT	659	547	734	966	874
ANXA2_sg1	ANXA2	ACAGGGGCTGGGAACCGACG	578	564	663	252	547
ANXA2_sg2	ANXA2	CAGCCATCAAGACCAAAGGT	682	768	546	666	552
ANXA2_sg3	ANXA2	GGTCCTTCTCTGGTAGGCGA	392	463	407	245	375
ANXA2_sg4	ANXA2	TGGGAAACCAACCTTTGCCA	247	288	221	176	220
ANXA3_sg1	ANXA3	CTGAGAGGTCAAATGCACAG	653	582	636	526	667
ANXA3_sg2	ANXA3	GAATAGATTCTCTATAAAGC	476	469	502	505	675
ANXA3_sg3	ANXA3	GAGGAAAGCTCCTTAAACAC	381	340	453	364	267
ANXA3_sg4	ANXA3	TTTGCATCAAAGACTGCTGG	460	447	549	412	686
ANXA4_sg1	ANXA4	AACCGAAATCACCTGTTGCA	470	447	563	362	379
ANXA4_sg2	ANXA4	ACTGTGGCCTACCCTGCCGA	347	350	353	337	499
ANXA4_sg3	ANXA4	TATGCGCCGGATCTCCTCAG	398	333	475	126	144
ANXA4_sg4	ANXA4	TTGCACGTCATACAGCACCG	482	572	537	680	205
ANXA5_sg1	ANXA5	AATCTCCACGCAATACCTGA	672	542	582	211	244
ANXA5_sg2	ANXA5	ACTCTTCGGAAGGCTATGAA	522	516	589	543	613
ANXA5_sg3	ANXA5	AGGCTGGAGAACTTAAATGG	445	461	518	493	261
ANXA5_sg4	ANXA5	ATAAGCATCATAAAGCCGAG	581	548	632	463	472
ANXA6_sg1	ANXA6	GAGAAGCTAATGCTGGCCGT	429	377	427	543	269
ANXA6_sg2	ANXA6	GCAGGTGGCCTATCAGATGT	259	216	232	135	234
ANXA6_sg3	ANXA6	GGGAAGCCAAGATCTCAATG	304	270	326	304	365
ANXA6_sg4	ANXA6	TTGGCATCGTAATGGGCCGG	232	216	278	196	211
ANXA7_sg1	ANXA7	AGGAACAAAATACCTGACTA	381	343	418	567	505
ANXA7_sg2	ANXA7	ATTTAAGACCTCCTATGGCA	312	260	317	166	192
ANXA7_sg3	ANXA7	CTCCAGGCATCGTAATACGT	657	611	647	877	634
ANXA7_sg4	ANXA7	TACCCACAAGTGCCAAGTAG	437	427	443	499	570
ANXA11_sg1	ANXA11	AGGACCTCGGCATCTCGCAG	741	666	824	314	336
ANXA11_sg2	ANXA11	ATAACGTGGCCACCTATGCG	719	639	754	433	222
ANXA11_sg3	ANXA11	CGAGCTACCCAGGATACCCG	579	563	652	830	488
ANXA11_sg4	ANXA11	GGGATGTATCCACCCCCAGG	210	209	201	94	228
ANXA13_sg1	ANXA13	AAACTTCGAGAAGACAGCGT	533	573	493	495	387
ANXA13_sg2	ANXA13	AGCCTCGAATCAGATGTCAA	600	532	564	749	396
ANXA13_sg3	ANXA13	CCTGTGCACGAGGACCAATA	350	344	361	475	112
ANXA13_sg4	ANXA13	GTACAAGGCAACGTACGGCA	527	547	512	590	426
AOAH_sg1	AOAH	AGCGACGAGTCAGTGTACCC	577	588	485	513	348
AOAH_sg2	AOAH	CATGGCATATATAACGATGG	505	490	524	199	366
AOAH_sg3	AOAH	CCTGTAGCACCAGAGAGTTG	786	826	665	444	355
AOAH_sg4	AOAH	TGCTCAAGTTCACAACTCGA	225	192	230	149	264
AOC2_sg1	AOC2	AGTCTGCATAGTAGTGCCCA	707	753	578	862	269
AOC2_sg2	AOC2	CTGGGGCGAGAACTGAAGAG	438	353	438	556	376
AOC2_sg3	AOC2	GTCACATCCCGCATGTACGA	217	243	225	201	113
AOC2_sg4	AOC2	TATATGGATGTCCACCATCG	269	298	246	335	240
AOX1_sg1	AOX1	CATATATAACCTACCACCAA	627	661	643	673	497
AOX1_sg2	AOX1	CTGGTGTGAAGCATGCCACG	744	704	654	297	994
AOX1_sg3	AOX1	GAGTTATGCATCTCATATGG	765	773	791	293	493
AOX1_sg4	AOX1	GGGGTTCTACATACCCACAG	354	360	369	288	207
APAF1_sg1	APAF1	CTGGTGAAAGAGTATGCGGC	510	592	409	237	439
APAF1_sg2	APAF1	TGAATTTGTATGACCAAACA	718	703	697	760	866
APAF1_sg3	APAF1	TTCCTAAGGAACTCTCCACA	766	860	835	1123	642
APAF1_sg4	APAF1	TTTCCTAATATTGTACAACT	657	661	600	361	408
NUDT2_sg1	NUDT2	AAGATGCCTCATTCCCAAAG	438	447	441	322	136
NUDT2_sg2	NUDT2	CAAAAGGGAACTCAATTATG	484	513	491	601	188
NUDT2_sg3	NUDT2	CATCACTGGACTCCTCCCAA	278	310	253	89	377
NUDT2_sg4	NUDT2	GCCAGCTGACCATTATTGAG	270	317	253	288	250
APOF_sg1	APOF	CATATGAAGTGGCATCCACA	382	443	443	461	217
APOF_sg2	APOF	GGCTCTAAGGAATGCCCTGG	541	609	495	594	253
APOF_sg3	APOF	GTGTAGCATTCACACCACCC	462	511	551	472	502
APOF_sg4	APOF	TATGCTACTCAAAACTGCCT	629	623	598	240	619
APBA1_sg1	APBA1	AGGAAATGGTCCTCAGAGGG	384	387	422	144	514
APBA1_sg2	APBA1	CCAGGGACTGTGACGACCAG	576	617	471	825	495
APBA1_sg3	APBA1	GAGCCCTATGCCGACTACGG	410	470	412	189	417
APBA1_sg4	APBA1	TTCCATCGATCAAGTCTTCG	473	426	467	406	341
APBA2_sg1	APBA2	CAGAGCTGGAGTCCCCATCG	794	768	872	420	608
APBA2_sg2	APBA2	CCAGGACTACTACCCCGAGG	737	723	796	947	345
APBA2_sg3	APBA2	GAACCAGAAGACCTCATCGA	583	619	533	803	418
APBA2_sg4	APBA2	GAGGACGACAGCTACCTAGA	449	394	436	351	182
APBB1_sg1	APBB1	AGCTGGGCTACCTTATCCCA	312	269	297	235	218
APBB1_sg2	APBB1	ATTGCGATTCTGGTCACGGT	570	511	491	622	369
APBB1_sg3	APBB1	CCTGGGTTGGTATTCCGTGG	562	508	489	791	308
APBB1_sg4	APBB1	TGAGGGTCCAGGACACCTCA	306	331	347	427	433
APBB2_sg1	APBB2	ACTGGGGTCCGGGTTAACAG	623	540	612	207	610
APBB2_sg2	APBB2	AGAACCGAGGCAATCACCAT	609	638	489	733	237
APBB2_sg3	APBB2	GCTGCGAGTGCAGCACGCTG	632	508	688	229	250
APBB2_sg4	APBB2	TGCACTAACTAACATCCAGG	526	470	550	418	761
APC_sg1	APC	AGGATGTAATCAGACGACAC	659	591	666	871	460
APC_sg2	APC	GGTTCAGAAACAAATCGAGT	531	476	538	586	758
APC_sg3	APC	TCAATAGGCGTGTAATGATG	281	317	295	347	361
APC_sg4	APC	TCTGTATAAATGGCTCATCG	294	308	308	221	170
APCS_sg1	APCS	ACTATAGGCTCGAAAACACA	629	575	531	208	584
APCS_sg2	APCS	CTCCTACAATACCCAAGGCA	363	388	424	320	341
APCS_sg3	APCS	GGAGAGTATAGTCTATACAT	702	606	684	644	790
APCS_sg4	APCS	GTGAAAAAGGGTCTGCGACA	516	490	418	663	395
AIRE_sg1	AIRE	AGTTCGAAGACTCCGGCAGT	308	327	311	415	355
AIRE_sg2	AIRE	CCCCGCTCACCGTTCCCGAG	666	782	782	998	634
AIRE_sg3	AIRE	CGCGCTGGCTGACCACGACG	473	492	468	239	506
AIRE_sg4	AIRE	GTGGCGGTACCAAAGCCTTG	653	783	661	201	642
APEH_sg1	APEH	ATTATGTGGACCTCATCGGG	599	593	547	741	553
APEH_sg2	APEH	CACAACATCTACCACCACTG	497	464	490	367	567
APEH_sg3	APEH	GTACGGCGGCCAATACCGGA	595	704	685	567	850
APEH_sg4	APEH	TTTGCTGTGGACACCCAAGT	752	843	865	747	943
APEX1_sg1	APEX1	ACAGCATATGTACCTAATGC	618	518	717	518	686
APEX1_sg2	APEX1	ATGCCGTAAGAAACTTTGAG	701	698	626	914	802
APEX1_sg3	APEX1	CCAAGAGCAGATCTTGAGTG	370	440	439	452	257
APEX1_sg4	APEX1	CTGGTCAGCTCCTTCGGACA	726	804	862	555	562
BIRC2_sg1	BIRC2	ATATTCAACTTTCCCCGCCG	660	534	651	413	638
BIRC2_sg2	BIRC2	ATGCTATGTCAGAACACCGG	353	403	353	398	139
BIRC2_sg3	BIRC2	CAAGCTACTATGTTCCAAGG	246	288	257	218	224
BIRC2_sg4	BIRC2	TACTCATTGCATAACTGTAG	621	719	575	866	558
BIRC3_sg1	BIRC3	ACCCGGAAGTAATGAGTGTG	239	271	259	183	341
BIRC3_sg2	BIRC3	AGGATTAACTAGAACACTAG	684	807	596	622	582
BIRC3_sg3	BIRC3	CATGGGTTCAACATGCCAAG	369	362	368	496	251
BIRC3_sg4	BIRC3	TTTCGTTATTCATTGCACAG	261	278	235	376	210
XIAP_sg1	XIAP	ATGACAACTAAAGCACCGCA	667	571	565	634	971
XIAP_sg2	XIAP	ATGGATATACTCAGTTAACA	515	609	470	207	578
XIAP_sg3	XIAP	TATCAGACACCATATACCCG	257	217	282	131	323
XIAP_sg4	XIAP	TCTGACCAGGCACGATCACA	384	404	318	283	452
BIRC5_sg1	BIRC5	ATGCGGTGGTCCTTGAGAAA	313	329	298	140	351
BIRC5_sg2	BIRC5	CAAGTCTGGCTCGTTCTCAG	435	392	481	581	331
BIRC5_sg3	BIRC5	GAACATAAAAAGCATTCGTC	411	392	407	534	585
BIRC5_sg4	BIRC5	GCTGCGCCTGCACCCCGGAG	236	258	224	134	194
APLP1_sg1	APLP1	AATGTGAGAGTTCAACCCGG	362	300	413	530	503
APLP1_sg2	APLP1	CCTGCCTAAAGCCGACAGAC	779	877	802	934	762
APLP1_sg3	APLP1	CGCACGCAGGTAGCGCCGCA	657	657	782	561	548
APLP1_sg4	APLP1	GGGAAATCAGTGAGCACGAG	542	560	637	339	745
APLP2_sg1	APLP2	AAGGCCTGGAGAATGCGATG	554	614	509	473	783
APLP2_sg2	APLP2	GCACCGCAACCGAATGGACA	771	907	779	434	1148
APLP2_sg3	APLP2	GGAACTGGTCTACCCCACAT	648	766	739	949	906
APLP2_sg4	APLP2	TATTGACAACTGGTGCCGGA	495	505	459	181	616
APOA1_sg1	APOA1	CAAGGCGGAGCCTTCAAACT	343	382	283	218	293
APOA1_sg2	APOA1	CCTAAAGCTCCTTGACAACT	504	499	576	532	368
APOA1_sg3	APOA1	GAGCACATCCACGTACACAG	646	529	524	663	662
APOA1_sg4	APOA1	GCTGCGCGCAGAGCTCCAAG	755	902	751	624	305
APOA2_sg1	APOA2	ACAGGCAAAGGAGCCATGTG	331	294	285	291	245
APOA2_sg2	APOA2	CCCACCTTCAAGGCTGCAGA	799	955	952	424	656
APOA2_sg3	APOA2	GACCGTGACTGACTATGGCA	583	640	513	590	689
APOA2_sg4	APOA2	TGTGGGCAGGAGCTTTGGTT	743	776	821	490	507
APOA4_sg1	APOA4	CAAGATCGACCAGAACGTGG	204	184	214	92	104
APOA4_sg2	APOA4	CAAGATTGACCAGACCGTGG	296	316	349	359	277
APOA4_sg3	APOA4	GGAGAAGTGAACACTTACGC	744	741	706	1107	439
APOA4_sg4	APOA4	TGAGGTGAGCCAGAAGATCG	589	676	541	182	869
APOB_sg1	APOB	AAACTCACTTGTTGACCGCG	589	602	521	775	814
APOB_sg2	APOB	AAGTCCATGAGTTAATCGAG	505	499	534	166	707
APOB_sg3	APOB	GACATGACTTTCCGGCACGT	546	457	571	575	645
APOB_sg4	APOB	GGTCTCTACCACCAAAACGG	676	754	795	945	633
APOBEC1_sg1	APOBEC1	ATGGATCAACAAAATCGGCA	293	268	248	113	163
APOBEC1_sg2	APOBEC1	CAAAAACACCACCAATCACG	688	706	597	324	273
APOBEC1_sg3	APOBEC1	GAGTTTCTGAGTCGGCACCC	642	616	698	667	500
APOBEC1_sg4	APOBEC1	TAGAAGACGTCAAACTCCCA	319	270	268	448	179
APOC1_sg1	APOC1	CCTGTCGCTCCCGGTCCTGG	789	815	757	568	369
APOC1_sg2	APOC1	CTTCAGCTTATCCAAGGCAC	580	466	575	691	233
APOC1_sg3	APOC1	GTTCTGTCGATCGTCTTGGA	561	461	580	465	428
APOC1_sg4	APOC1	TGGAAACACACTGGAGGACA	347	279	348	133	161
AQP8_sg1	AQP8	CTGCTCCTGGACTGTCACAA	720	777	744	642	886
AQP8_sg2	AQP8	GCTGTGAGACCCAGTACGGG	602	650	494	788	504
AQP8_sg3	AQP8	GGCGAGTGTCCTGGTACGAA	377	361	446	129	404
AQP8_sg4	AQP8	GGCTCGTGATTGCCACGCTG	641	569	618	248	543
APOC2_sg1	APOC2	ACTCACCAAATCCCAATACC	391	388	456	236	412
APOC2_sg2	APOC2	GCAGGTATGTCTTCTCGTAC	787	698	819	462	262
APOC2_sg3	APOC2	GGAGAGAGATTCCTTCACCT	335	384	376	444	185
APOC2_sg4	APOC2	GGAGGACAAGAAACAGAGCT	517	554	529	469	320
APOC3_sg1	APOC3	CACCAAGTGCTTACGGGCAG	439	421	436	265	281
APOC3_sg2	APOC3	CTGCATGAAGCTGAGAAGGG	678	565	780	983	322
APOC3_sg3	APOC3	GGATGCACTGAGCAGCGTGC	715	750	573	543	524
APOC3_sg4	APOC3	TTTAGGGGCTGGGTGACCGA	516	571	585	452	157
APOC4_sg1	APOC4	CAAAGCTAAAGATGAGTCGC	693	642	757	596	374
APOC4_sg2	APOC4	CCACCTAGCATGCCAGCCAG	665	625	732	820	480
APOC4_sg3	APOC4	CCTCCTCAGAAACAGGCTCC	331	311	287	265	144
APOC4_sg4	APOC4	GTGGTGAACAGGACCAGAGA	231	208	230	293	235
APOD_sg1	APOD	AAAGATCAAAGTGTTAAACC	322	351	346	382	363
APOD_sg2	APOD	AGGATCCAGTACGGTGCCGA	763	749	722	712	446
APOD_sg3	APOD	CTCTGCAGTATCTCGGAAGA	263	263	243	304	279
APOD_sg4	APOD	GGAACTGTGAATCAAATCGA	202	187	175	254	181
APOE_sg1	APOE	AGCTGCGCCAGCAGACCGAG	680	638	797	522	472
APOE_sg2	APOE	CATGCTCGGCCAGAGCACCG	754	789	788	780	683
APOE_sg3	APOE	GCGGACATGGAGGACGTGTG	718	649	773	1012	439
APOE_sg4	APOE	GGCCTACAAATCGGAACTGG	683	766	819	263	378
APOH_sg1	APOH	AAGCCGGGCTATGTGTCCCG	437	415	453	539	442
APOH_sg2	APOH	ACACGAAGTGTTGCAAACGT	366	398	378	502	515
APOH_sg3	APOH	TTCAAAAGTCGTATAGCGTA	293	242	241	133	97
APOH_sg4	APOH	TTCCCATCAAGACCAGACAA	698	640	643	967	872
APP_sg1	APP	ACATCCGCCGTAAAAGAATG	734	614	771	871	1062
APP_sg2	APP	CAAGTATCTCGAGACACCTG	486	447	574	312	542
APP_sg3	APP	CGGAACTTGTCAATTCCGCA	530	502	436	404	452
APP_sg4	APP	GCTGCAGCGAGACCTACCCG	417	354	419	615	305
APRT_sg1	APRT	CGCCTGCGATGTAGTCGATG	747	795	623	894	701
APRT_sg2	APRT	GCTGCGTGCTCATCCGAAAG	551	473	641	500	500
APRT_sg3	APRT	TCGCGCCAGGAGGCCGATGG	352	358	421	120	206
APRT_sg4	APRT	TCTTACCTTCCCGTACTCCA	502	534	412	270	503
KLK3_sg1	KLK3	AAAGCGTGATCTTGCTGGGT	293	337	241	151	413
KLK3_sg2	KLK3	ACAATCCGAGACAGGATGAG	788	684	653	846	1138
KLK3_sg3	KLK3	AGGAGGCTCATATCGTAGAG	329	330	355	173	395
KLK3_sg4	KLK3	TCTCGTGGCAGGGCAGTCTG	359	424	306	296	144
FAS_sg1	FAS	ATGTGAACATGGAATCATCA	773	914	623	1016	831
FAS_sg2	FAS	CAGGATCCAGATCTAACTTG	629	726	534	391	581
FAS_sg3	FAS	GTTGAGACTCAGAACTTGGA	258	217	278	384	385
FAS_sg4	FAS	TAGGGACTGCACAGTCAATG	613	521	620	252	391
FASLG_sg1	FASLG	AAAACATCACAAGGAGACAC	661	667	646	874	515
FASLG_sg2	FASLG	AGAAAGCAGGACAATTCCAT	558	558	499	694	195
FASLG_sg3	FASLG	GGAAGAGCTGAAACATCCCC	229	200	221	298	189
FASLG_sg4	FASLG	GGGAAGAACTGTGCCTGGAG	426	421	439	258	337
SHROOM2_sg1	SHROOM2	AGAGAACATCCTCTACACTG	458	381	449	276	297
SHROOM2_sg2	SHROOM2	CCACCGTTCGACGCCCACGT	546	442	511	414	306
SHROOM2_sg3	SHROOM2	GGAGACCAGAGCTCACCGAT	469	502	517	227	659
SHROOM2_sg4	SHROOM2	TCGAGATTATAGATACTCGG	210	179	183	141	191
AQP1_sg1	AQP1	ACACCCCACTCACGTCATTG	382	433	436	122	127
AQP1_sg2	AQP1	ACTGGGCGATGATGTACATG	544	475	506	373	562
AQP1_sg3	AQP1	CTGGGCTTCAAATACCCGGT	214	245	189	146	109
AQP1_sg4	AQP1	GCGTGCTGGCTACTACCGAC	543	458	529	306	323
AQP2_sg1	AQP2	CACGCCAGCAGACATCCGCG	328	356	359	238	483
AQP2_sg2	AQP2	CATGGCAATCTGTAGCACAG	794	837	707	284	757
AQP2_sg3	AQP2	GGCAGGCCACAGTCACGGCA	698	636	608	736	648
AQP2_sg4	AQP2	TCTCCGAGCCGCCTTCTACG	240	286	250	82	131
AQP3_sg1	AQP3	CAAGCTGCCCATCTACACCC	506	538	409	720	332
AQP3_sg2	AQP3	CAGCACACACACGATAAGGG	752	751	628	1045	863
AQP3_sg3	AQP3	GATGGTGAGGAAACCACCGT	202	193	230	103	145
AQP3_sg4	AQP3	TACAACAACCCCGTCCCCCG	528	576	588	560	617
AQP4_sg1	AQP4	AAAGCCTTTACCGGTCGACA	638	719	632	238	392
AQP4_sg2	AQP4	AACCAGGAGACCATGACCAG	500	578	481	726	523
AQP4_sg3	AQP4	CAGTGCTTTGGCCATATCAG	714	678	730	852	563
AQP4_sg4	AQP4	TGCGATGTAGAAGACAGACT	461	496	466	578	283
AQP5_sg1	AQP5	GACAGACAGGCCAATGGACA	377	355	390	201	331
AQP5_sg2	AQP5	GCTCAACAACAACACAACGC	564	563	551	801	560
AQP5_sg3	AQP5	GGCTGGCATCCTCTACGGTG	520	493	492	297	673
AQP5_sg4	AQP5	GGTGCGGCGGGAGTCAGTGG	783	669	723	379	316
AQP6_sg1	AQP6	AAAGAACACATACAGCCCCG	505	561	548	353	417
AQP6_sg2	AQP6	ACCTACCACGTTGATCCCAA	295	250	287	223	356
AQP6_sg3	AQP6	ATGGCAATCTGTAGCACGGA	525	552	605	279	414
AQP6_sg4	AQP6	GAGGAAGGCCAGCGTCACGG	499	527	538	499	493
AQP7_sg1	AQP7	ACACCCCGATGATGACCACG	418	476	497	493	495
AQP7_sg2	AQP7	AGATCCAGGAAATACTGCAG	293	319	241	352	409
AQP7_sg3	AQP7	GCCCAGCGCACAGTTAGCAA	346	328	310	137	326
AQP7_sg4	AQP7	GTTCCTGGGCTCCTTCCTGG	544	512	451	246	759
AQP9_sg1	AQP9	ATGGCCATTTATGTGGCTGG	653	535	702	675	583
AQP9_sg2	AQP9	GACGGTTGCAGCCCCCACAA	718	645	649	716	827
AQP9_sg3	AQP9	GATTATGAGGAGTATCATGG	667	745	617	465	545
AQP9_sg4	AQP9	TGGTGGAAAACTGCTGATCG	503	504	577	319	182
AR_sg1	AR	AGGGTACCACACATCAGGTG	551	589	494	643	513
AR_sg2	AR	CCTTAAAGACATCCTGAGCG	436	404	446	450	373
AR_sg3	AR	GGACGCAACCTCTCTCGGGG	238	227	283	330	308
AR_sg4	AR	TCCAGCTTGATGCGAGCGTG	766	803	683	323	298
ABCC6_sg1	ABCC6	ACTATGATCCAATCAGCCTG	679	752	703	916	894
ABCC6_sg2	ABCC6	CAGACCACGATCCAGACGAG	474	496	395	364	480
ABCC6_sg3	ABCC6	GAGAACTGTGAGAGTCACAA	555	583	520	226	385
ABCC6_sg4	ABCC6	GGACAGCATCCAATACGGCA	436	453	512	319	265
ARAF_sg1	ARAF	AGTGTCCAGGATTTGTCCGG	200	166	202	99	97
ARAF_sg2	ARAF	GCCCAACAAGCAACGCACGG	678	718	727	952	323
ARAF_sg3	ARAF	GTAGTGATGGAACCCCCCGG	500	447	473	731	161
ARAF_sg4	ARAF	TGGTCTACCGACTCATCAAG	568	462	572	817	550
ARCN1_sg1	ARCN1	ACCATATACAGTTTCTCCAT	327	324	343	251	205
ARCN1_sg2	ARCN1	AGTACGCTTGCCCATACTAG	498	580	568	345	443
ARCN1_sg3	ARCN1	ATTCTAGACCCATCCAAATG	719	718	858	731	384
ARCN1_sg4	ARCN1	GATCCTATTTACCTCTCTGA	615	542	617	197	568
TRIM23_sg1	TRIM23	ACACACAGTGCAATATACAG	233	263	228	81	274
TRIM23_sg2	TRIM23	GATCGACAAGTAACAGACCT	279	247	231	124	401
TRIM23_sg3	TRIM23	TGAAGGAGGAGAACAAATCG	339	346	271	201	404
TRIM23_sg4	TRIM23	TGCAGACACAGCACATGAGT	662	701	784	933	869
AREG_sg1	AREG	ATGCAAATATATAGAGCACC	525	437	537	365	178
AREG_sg2	AREG	ATTGTCGATGATTCAGTCAG	235	227	241	332	231
AREG_sg3	AREG	GAGGACGGTTCACTACTAGA	226	201	239	267	147
AREG_sg4	AREG	TGGTTCACGCTTCCCAGAGT	687	806	757	391	784
ARF1_sg1	ARF1	AGGCTTCAACGTGGAAACCG	206	201	171	84	86
ARF1_sg2	ARF1	CACCCAGCTTAAGCTTGTAG	314	291	289	176	342
ARF1_sg3	ARF1	TGACAGAGAGCGTGTGAACG	243	282	205	156	189
ARF1_sg4	ARF1	TGGAAGTAGTGGCGCCACAG	630	753	723	589	748
ARF3_sg1	ARF3	AGAACATCAGCTTTACAGTG	732	791	605	1066	518
ARF3_sg2	ARF3	CCTATACAAGCTGAAACTCG	230	270	252	136	120
ARF3_sg3	ARF3	GCTGTGCTCTTACCAATGGT	560	484	482	610	586
ARF3_sg4	ARF3	TGGAAGTAGTGTCTCCAGAG	363	359	431	324	389
ARF4_sg1	ARF4	ACTTCCAGAATACCCAGGTA	220	186	237	211	307
ARF4_sg2	ARF4	TAAACTTTCTTACCAATGGT	654	691	732	922	280
ARF4_sg3	ARF4	TCAATTCATCTACCAGAAGC	235	265	193	152	261
ARF4_sg4	ARF4	TCTGCTTCTTGCCAAATAGT	263	244	272	209	99
ARL4D_sg1	ARL4D	AGACGGTCTAGTGTTTGTGG	689	687	772	236	341
ARL4D_sg2	ARL4D	AGCCGGGCCTCGGACAACCA	435	353	375	310	376
ARL4D_sg3	ARL4D	CGGGTATAAGAGCGCCACAG	316	301	359	420	185
ARL4D_sg4	ARL4D	TGATGCCACGCGATCCCCCG	789	743	873	861	303
ARF5_sg1	ARF5	AAGCAGATGCGGATTCTCAT	681	714	727	416	583
ARF5_sg2	ARF5	GTCACCACCATCCCAACCAT	524	503	528	677	585
ARF5_sg3	ARF5	TGCTGATGAACTCCAGAAGA	397	387	319	214	532
ARF5_sg4	ARF5	TGTGGTGGACAGTAATGACC	688	815	742	510	821
ARF6_sg1	ARF6	CCAAGGTCTCATCTTCGTAG	713	780	730	988	934
ARF6_sg2	ARF6	CCTGGCGAGCCTCATCGATG	382	437	337	362	381
ARF6_sg3	ARF6	GAAACCCACAGTGGGAATGG	411	458	333	400	598
ARF6_sg4	ARF6	GTGTAGTAATGCCGCCAGAG	467	457	553	578	621
ARG1_sg1	ARG1	ACTCCACTGACAACCACAAG	715	655	702	606	633
ARG1_sg2	ARG1	AGATATACAGGGAGTCACCC	228	223	226	336	214
ARG1_sg3	ARG1	AGGCCCTACAGTATTGAGAA	369	345	400	393	504
ARG1_sg4	ARG1	GGACAGACTAGGAATTGGCA	705	825	706	423	211
ARG2_sg1	ARG2	GATAGTGAATCCACGCTCAG	408	407	367	407	349
ARG2_sg2	ARG2	TAGGAGCCCCGTTCTCACAA	748	886	820	778	679
ARG2_sg3	ARG2	TCATAGGTACCACAACTCCC	315	326	309	361	250
ARG2_sg4	ARG2	TGATCGACTTGGTATCCAGA	205	185	234	195	300
RHOA_sg1	RHOA	AAAACACATCAGTATAACAT	222	202	221	212	101
RHOA_sg2	RHOA	ACAGAAATGCTTGACTTCTG	674	792	658	501	808
RHOA_sg3	RHOA	CTATGTGGCAGATATCGAGG	767	810	816	1137	546
RHOA_sg4	RHOA	GCCACTCACCTAAACTATCA	631	640	734	836	807
RHOB_sg1	RHOB	CGGTGGGCACGTACACCTCG	723	773	842	282	501
RHOB_sg2	RHOB	CTTGCCGTCCACCTCAATGT	520	531	620	655	495
RHOB_sg3	RHOB	GAAGCACATGAGAATGACGT	784	758	911	1018	403
RHOB_sg4	RHOB	GGGACAGAAGTGCTTCACCT	708	668	777	570	801
RHOC_sg1	RHOC	AAAGAAGCTGGTGATCGTTG	716	725	687	476	435
RHOC_sg2	RHOC	AGGAAGACTATGATCGACTG	653	623	709	718	270
RHOC_sg3	RHOC	CAGCAAGGATCAGTTTCCGG	721	786	697	303	693
RHOC_sg4	RHOC	TGGGGAATAAGAAGGACCTG	458	393	449	556	342
RND3_sg1	RND3	AAATGCAAGATAGTTGTGGT	239	253	264	183	194
RND3_sg2	RND3	GACGCCAGTGTCCTATGACC	289	255	318	406	392
RND3_sg3	RND3	TCAGCACAGCATCCGAATCA	266	281	268	302	295
RND3_sg4	RND3	TCTTACCCGAAGTGTCCCAC	649	609	565	668	612
RHOG_sg1	RHOG	CCTGAACCTGTGGGACACTG	749	885	652	649	1068
RHOG_sg2	RHOG	CGCCGTCCTATGAGAACGTG	587	635	663	507	626
RHOG_sg3	RHOG	GAAACAGATGACGAAAACGT	315	313	261	113	125
RHOG_sg4	RHOG	GCTGTAATTGTCGAACACGG	496	505	591	447	270
ARHGAP1_sg1	ARHGAP1	CAGGTGTGTGACAAGTTCCG	559	503	588	410	397
ARHGAP1_sg2	ARHGAP1	CCTCGCCAAGTGCTCAAGTG	334	377	357	208	118
ARHGAP1_sg3	ARHGAP1	CTTGCGGTCAAACTCCCGGT	508	427	548	192	476
ARHGAP1_sg4	ARHGAP1	TAGGAGATGACAAGTATGGG	532	474	602	565	646
ARHGAP4_sg1	ARHGAP4	CGAAACCTTCTACCTCACGG	441	438	421	248	319
ARHGAP4_sg2	ARHGAP4	GCACAAACTCAAGTGCACAA	383	361	387	290	254
ARHGAP4_sg3	ARHGAP4	TATAACCAGAGACTCTTTGG	685	788	561	493	302
ARHGAP4_sg4	ARHGAP4	TCTGCGTTGAAATGGAGCTG	787	674	668	336	846
ARHGAP5_sg1	ARHGAP5	ACTAAATGGATCTCCACACA	320	304	361	445	162
ARHGAP5_sg2	ARHGAP5	GCACCCATGTGGTTTAAAGG	799	735	814	823	364
ARHGAP5_sg3	ARHGAP5	TCAGTATCATCGGCAAACTG	641	565	761	647	564
ARHGAP5_sg4	ARHGAP5	TGCAAATTCGTACTCCGATG	316	371	256	196	317
ARHGAP6_sg1	ARHGAP6	AGGGCCACCTACCATGAACA	663	661	760	252	508
ARHGAP6_sg2	ARHGAP6	CGGATTTCCACACGACGTAG	404	458	403	537	489
ARHGAP6_sg3	ARHGAP6	GAGGTTCCCCTGGGTCGCGG	623	530	671	729	456
ARHGAP6_sg4	ARHGAP6	TACGTGAGGAATTTGACCGT	657	747	760	382	809
ARHGDIA_sg1	ARHGDIA	AGTACATCCAGCATACGTAC	239	216	281	343	334
ARHGDIA_sg2	ARHGDIA	CACCTGCGGAAACGGCCACG	634	646	617	767	690
ARHGDIA_sg3	ARHGDIA	CAGGCCAGTCACCACGACGT	484	451	476	565	671
ARHGDIA_sg4	ARHGDIA	TCATGCCGGACACTATCTCT	473	473	523	699	290
ARHGDIB_sg1	ARHGDIB	AAGTACAAGAAAACGCTGCT	502	479	552	708	490
ARHGDIB_sg2	ARHGDIB	CCGGGTGACAACGACATTGG	686	711	709	520	1021
ARHGDIB_sg3	ARHGDIB	TCAGCACACCTACAGGACTG	519	488	540	191	386
ARHGDIB_sg4	ARHGDIB	TGCCCCGGGACCAATCACCA	270	254	311	133	155
ARHGDIG_sg1	ARHGDIG	ACCTGTGAGATCCATGACGA	784	857	720	851	757
ARHGDIG_sg2	ARHGDIG	GGAGCCTGGCCAAGTACAAG	703	756	723	389	686
ARHGDIG_sg3	ARHGDIG	GGCCGCTGACAATCTCCCTG	215	226	195	258	320
ARHGDIG_sg4	ARHGDIG	TCCAACACCTCGTCCACTGC	388	331	419	525	146
RHOH_sg1	RHOH	AGTGTACGAGAACACAGGGG	219	239	254	122	140
RHOH_sg2	RHOH	GGTGAAGCGCACCAACAGAG	616	555	681	547	721
RHOH_sg3	RHOH	GTTCAGGAATGAGTTATGGT	676	769	632	921	618
RHOH_sg4	RHOH	TGGCCACCCAGACTGACCAG	302	277	359	322	116
ARL1_sg1	ARL1	AGAGTTAGTTGCCATGTTGG	733	868	587	602	325
ARL1_sg2	ARL1	GAATAGTAACATCTCCAGTA	550	546	622	336	750
ARL1_sg3	ARL1	TTCCCGAGTTCCAAACAGAC	759	871	709	734	273
ARL1_sg4	ARL1	TTGTAATCTGTACAAAATTG	747	834	743	239	1009
PHOX2A_sg1	PHOX2A	AGGCGGTGCTATCGGGCGTG	469	518	424	520	589
PHOX2A_sg2	PHOX2A	CCCCGACATTTACACGCGTG	593	496	689	403	371
PHOX2A_sg3	PHOX2A	GCTTCCAATACAGCCCCCTG	762	842	697	258	668
PHOX2A_sg4	PHOX2A	GGCGCCAAAGTCGCCGTAGG	744	607	612	1011	837
ARL2_sg1	ARL2	AACTACTTTGAGAGCACCGA	469	522	520	429	208
ARL2_sg2	ARL2	CATCCTGAAGAAGTTCAATG	738	749	781	970	448
ARL2_sg3	ARL2	GATGTTGAAGCCCAGCGTTG	783	653	697	301	804
ARL2_sg4	ARL2	GTTCCGCCAGTAGGACCGCA	739	711	711	1080	735
ARL3_sg1	ARL3	ATCAAAAGTGTACAATCACA	743	776	831	602	905
ARL3_sg2	ARL3	CAGCCACATCACACCTACAC	273	246	259	84	317
ARL3_sg3	ARL3	CTGAATGTATGGGACATTGG	309	340	265	393	242
ARL3_sg4	ARL3	GGAACTAGCGGAATTACTGG	350	358	381	420	286
ARNT_sg1	ARNT	AGATGTCTAACGATAAGGAG	742	657	832	511	655
ARNT_sg2	ARNT	CAAGCTAACCATCTTACGCA	604	721	662	593	226
ARNT_sg3	ARNT	TGGATTGTGTTGGAGAGTGT	298	238	350	183	322
ARNT_sg4	ARNT	TGGGGAACCTCACTTCGTGG	334	341	282	198	393
ARNTL_sg1	ARNTL	CTGGACATTGCGTTGCATGT	326	364	372	229	444
ARNTL_sg2	ARNTL	GCAGTCGTCCAATTGCGACG	557	558	489	378	821
ARNTL_sg3	ARNTL	TTAAAACAGATATAACCCCT	690	601	702	575	308
ARNTL_sg4	ARNTL	TTAGAATATACAGAACACCA	317	296	331	118	456
ARR3_sg1	ARR3	ACTTCAAAGTCAATCCCACA	333	308	288	302	284
ARR3_sg2	ARR3	CTCTGCTCAGAGACTATGTG	406	349	462	416	485
ARR3_sg3	ARR3	GCGACTACTGCACAAGCTAG	611	624	674	768	562
ARR3_sg4	ARR3	TTAAGTACTCAGGATCAACC	498	482	451	677	509
ARRB1_sg1	ARRB1	AGGTTCAGTATGCCCCAGAG	621	500	602	469	843
ARRB1_sg2	ARRB1	CGGTGGGAACGACTGTACGT	243	273	238	273	89
ARRB1_sg3	ARRB1	TCCTACCTCCTTATCCAGAG	546	490	570	396	174
ARRB1_sg4	ARRB1	TGAAGTCAAAGCCTTCTGCG	333	382	334	368	140
ARRB2_sg1	ARRB2	CACAGGACACTTGTACTGGG	669	741	626	614	424
ARRB2_sg2	ARRB2	CCAAAAGCTGTACTACCATG	621	679	709	337	382
ARRB2_sg3	ARRB2	CTGGACAAAGTGGACCCTGT	662	604	767	597	528
ARRB2_sg4	ARRB2	TGTGCGGCTGGTGATCCGAA	430	456	409	643	176
ARSA_sg1	ARSA	ACGGGATGCCTAGAAATCGA	514	508	565	181	567
ARSA_sg2	ARSA	TGCCGACGACCTCGGCTATG	639	615	700	725	576
ARSA_sg3	ARSA	TGGAAAGGGAACGACCTACG	530	526	449	491	637
ARSA_sg4	ARSA	TTACGTGAGAGGCATAGTAC	368	428	309	435	253
ARSB_sg1	ARSB	ATGGCTTCAAGTATTCCTCA	794	746	750	903	784
ARSB_sg2	ARSB	GACCTAGGCTGGAACGACGT	494	535	572	607	723
ARSB_sg3	ARSB	GTAGGTATCAAATCCTCGGC	229	248	246	257	319
ARSB_sg4	ARSB	TACTGTGTTTCAGATAACGG	364	316	313	523	463
STS_sg1	STS	AAGTCAACACGGAGTCTACG	612	714	645	903	552
STS_sg2	STS	GAGAGACTGCAAGCCCGGAG	323	319	329	278	322
STS_sg3	STS	GGAGGTTACCTGATCGGACA	263	212	257	345	197
STS_sg4	STS	TCTCACCCAGAGGCTAACGG	246	214	289	330	193
ARSD_sg1	ARSD	AGATGGACACAGCCAGTTAG	537	610	433	667	729
ARSD_sg2	ARSD	GACATTCCTTCAGATCAGGT	443	375	521	221	525
ARSD_sg3	ARSD	TGGCTTATATGGTGATAATG	565	592	634	609	250
ARSD_sg4	ARSD	TGTGAATTGTGCATCCCGCG	467	407	498	384	166
ARSE_sg1	ARSE	CAAAATAGGAGCTTGCGAGG	488	534	394	621	307
ARSE_sg2	ARSE	GAGACTGACCTGATCGCACA	263	227	232	196	179
ARSE_sg3	ARSE	GCTGTATGGGGACAACGTAG	411	473	414	228	410
ARSE_sg4	ARSE	GGTTCCCTAGAGAATCAACT	520	561	578	228	574
ARSF_sg1	ARSF	CTAATTCCGTGTTACGAGAG	366	355	437	221	192
ARSF_sg2	ARSF	GATCTGATGTAAAGTAGACA	490	533	491	572	342
ARSF_sg3	ARSF	GCACACACCTCTCCCCACCA	752	809	636	733	576
ARSF_sg4	ARSF	GTATCTTCCCGTCAAGAACG	525	590	623	477	380
ART1_sg1	ART1	AGAGGTCTCGTCGTGTGATG	386	425	338	364	527
ART1_sg2	ART1	GCCAGCGTACTGGTCATCAA	784	652	731	514	606
ART1_sg3	ART1	GGCTGCAACATGCTTCAGGG	237	225	224	188	90
ART1_sg4	ART1	TCTCCCGGATCTCAACCACA	335	273	358	250	275
ART3_sg1	ART3	AATACCTGAAATGTACGGAC	571	534	468	720	326
ART3_sg2	ART3	AGATGGATAACACAGTGAGC	451	474	533	576	426
ART3_sg3	ART3	CCAGCAATTAGATACTGTGT	734	835	588	714	914
ART3_sg4	ART3	GTTGCTGAGAAAACCTTGTG	220	235	179	284	78
ART4_sg1	ART4	AATGAACGTTCATACTGCTG	731	697	695	333	1095
ART4_sg2	ART4	CATGACTACCACACACGCTG	576	624	664	522	214
ART4_sg3	ART4	TATGGAGAAACTAACTCAAG	238	196	203	101	158
ART4_sg4	ART4	TGAGGTGCATTATAGGACGA	353	308	347	214	136
ARVCF_sg1	ARVCF	AAGATGGTCATCATTGACCA	358	312	358	125	315
ARVCF_sg2	ARVCF	CACCTGGCGTACTGTCCGAG	780	744	783	474	947
ARVCF_sg3	ARVCF	CGGCCGCATTGGCCTTCACG	401	434	463	590	582
ARVCF_sg4	ARVCF	GTCACTAGGCTGTTACCTGG	761	816	852	405	408
ASAH1_sg1	ASAH1	ATAAATACATTCGTGCCAAG	291	283	235	347	134
ASAH1_sg2	ASAH1	GAACGTTTCAGTATAAATGG	478	503	502	185	607
ASAH1_sg3	ASAH1	TAAAGGTATATCAGTAACAG	787	879	749	766	881
ASAH1_sg4	ASAH1	TTTGCTGTGAAAGCCCAAGT	736	649	786	367	436
ASCL1_sg1	ASCL1	AAACGCCGGCTCAACTTCAG	686	590	662	299	685
ASCL1_sg2	ASCL1	CCAGGTTGACCAACTTGACG	379	443	333	412	334
ASCL1_sg3	ASCL1	GCAAAGAAACAGGCTGCGGG	233	242	225	200	270
ASCL1_sg4	ASCL1	TCTTGTTGGCCGCGCCGTTG	225	195	192	267	243
ASCL2_sg1	ASCL2	CAGCGCGCGGATGTACTCCA	499	517	577	381	512
ASCL2_sg2	ASCL2	CCGGCCACCGCAGAGACCGG	335	388	368	261	203
ASCL2_sg3	ASCL2	CGCAACAGTTCCGGGGACGC	379	432	359	297	299
ASCL2_sg4	ASCL2	CGGCAGCACGTGCCGCACGG	403	325	379	426	226
ASGR1_sg1	ASGR1	CAGACACGAACTGCTTCACG	382	306	385	378	201
ASGR1_sg2	ASGR1	CCATCAGCTCAGAAAAGGTG	759	877	639	291	1029
ASGR1_sg3	ASGR1	GAAGTCGCTAGAGTCCCAGC	643	678	520	242	833
ASGR1_sg4	ASGR1	GTGTGATCGGATCCCAAAGT	457	414	535	583	195
ASGR2_sg1	ASGR2	CTCCTCGAGCACCCTGACGG	214	223	196	300	272
ASGR2_sg2	ASGR2	GGTGACAAGATCACATCCCT	399	326	473	220	446
ASGR2_sg3	ASGR2	GTCAACTGGGTGGAGCACCA	560	612	469	232	790
ASGR2_sg4	ASGR2	GTGCTTCAGATGGAAGAGCA	289	296	283	146	364
ASIP_sg1	ASIP	AACAAGAAATCCAAACAGAT	674	574	703	700	993
ASIP_sg2	ASIP	GACATCCAGTAGGTTCACAG	568	638	630	489	533
ASIP_sg3	ASIP	TCTCGGAGCTTCTCCTCAGG	207	219	225	129	253
ASIP_sg4	ASIP	TTACCCACAATAGAGACAGA	670	714	545	522	305
ASL_sg1	ASL	CAAACTGAACTCCAATGATG	514	448	519	546	682
ASL_sg2	ASL	CACAAAGTCCCGCTCACTAG	474	536	446	359	704
ASL_sg3	ASL	CTACGACCGGCACCTTTGGG	700	681	597	575	236
ASL_sg4	ASL	TCCTAATGAGCTCCCAGAGG	416	419	362	454	406
ASMT_sg1	ASMT	ACCTCACGGCGTCTGCCAGG	290	321	347	386	381
ASMT_sg2	ASMT	CTCCTTAATGACTACGCCAA	410	435	373	236	611
ASMT_sg3	ASMT	GTCCAGCGACTACCTGACCA	766	823	909	477	465
ASMT_sg4	ASMT	TGGGAACACTGACAGGTCAA	254	254	214	209	83
ASNA1_sg1	ASNA1	CGCATTTCCCGGCATCGATG	415	486	365	259	170
ASNA1_sg2	ASNA1	CTGAAGTGGATCTTCGTCGG	762	659	736	715	270
ASNA1_sg3	ASNA1	GCCTGACGAGTTCTTCGAGG	776	909	753	447	915
ASNA1_sg4	ASNA1	TTCCCCACCATCGTGGAGCG	297	289	273	206	196
ASNS_sg1	ASNS	AACGTTTGATGACAGACAGA	365	356	356	317	297
ASNS_sg2	ASNS	CTCCATATGTATCTCTACCC	239	213	242	222	148
ASNS_sg3	ASNS	TTCTAGCAGCCAGTAAATCG	277	328	282	106	360
ASNS_sg4	ASNS	TTGTCATAGAGGGCGTGCAG	205	165	187	266	178
ASPA_sg1	ASPA	ACAACACCACCTCTAACATG	380	339	396	421	292
ASPA_sg2	ASPA	ATTTGCCATATGAAGTGAGA	475	567	514	153	154
ASPA_sg3	ASPA	GAGGACCAACTTCTATACCT	419	443	337	581	537
ASPA_sg4	ASPA	GAGTATTTCTGGTTAAGCAT	494	401	573	334	370
ASPH_sg1	ASPH	AACCGAGCATAGTTACCACG	756	812	800	1120	866
ASPH_sg2	ASPH	AGAAGTAATGAGGTGCTACG	530	598	588	571	569
ASPH_sg3	ASPH	TCAAGAGGTATCCCACGCCA	209	236	227	152	65
ASPH_sg4	ASPH	TCTACAGGATTATCCTCAGG	312	257	254	316	465
ASS1_sg1	ASS1	ACACCTCGTGCATCCTCGTG	655	586	781	971	247
ASS1_sg2	ASS1	ACATCCTACCTTTATCTGGG	462	434	419	625	692
ASS1_sg3	ASS1	TGACCTGATGGAGTACGCAA	400	437	343	173	132
ASS1_sg4	ASS1	TGGAATCCTGGAGAACCCCA	289	267	321	162	365
ASTN1_sg1	ASTN1	AGGGCTGCAATGAAAAGTCG	667	553	566	845	967
ASTN1_sg2	ASTN1	CCTTACACAATATTTCAGCG	445	419	382	315	341
ASTN1_sg3	ASTN1	TGACGTGAGAGGAGCACACG	715	630	589	809	521
ASTN1_sg4	ASTN1	TGATGATCCTGTATACTCGC	408	353	430	255	337
SERPINC1_sg1	SERPINC1	CAAGTTCCGTTATCGGCGCG	385	337	428	138	197
SERPINC1_sg2	SERPINC1	CAGTTCCCAGACACGCCGGT	432	359	490	590	243
SERPINC1_sg3	SERPINC1	GGCTTCCGAGGGAATGACAT	734	777	874	656	544
SERPINC1_sg4	SERPINC1	GGGGAGCGGTAAATGCACAT	473	386	419	324	566
ZFHX3_sg1	ZFHX3	AGTAGTTACACACCTCGCAG	438	382	465	651	341
ZFHX3_sg2	ZFHX3	CCGTTCGTTTGTGACCCACG	771	705	755	1016	738
ZFHX3_sg3	ZFHX3	CGTCTGCAACAAGTTCACGA	381	316	332	327	220
ZFHX3_sg4	ZFHX3	GAGCACGTTAGGCATTAAGG	221	243	190	296	284
ATF1_sg1	ATF1	AAGTATCTGCTGTCCATCAG	564	544	491	765	434
ATF1_sg2	ATF1	CAACTGTAAGGCTCCATTTG	209	234	169	64	202
ATF1_sg3	ATF1	GCGCCGTGCTAGGATCCCGT	665	662	784	888	325
ATF1_sg4	ATF1	TTATCTTCTGAAGATACACG	468	555	460	404	225
ATF3_sg1	ATF3	CCAGCGCAGAGGACATCCGG	444	453	440	155	519
ATF3_sg2	ATF3	GGCAGAAGCACTCACTTCCG	475	480	410	564	192
ATF3_sg3	ATF3	TCAAACACCAGTGACCCAGG	345	338	294	510	108
ATF3_sg4	ATF3	TGTCAGCGACAGACCCCTCG	516	421	472	455	436
ATF4_sg1	ATF4	AGATGACCTTCTGACCACGT	752	773	812	285	490
ATF4_sg2	ATF4	AGTCCCTCCAACAACAGCAA	480	539	422	660	429
ATF4_sg3	ATF4	TAATAAGCAGCCCCCCCAGA	262	266	276	213	299
ATF4_sg4	ATF4	TCTCTTAGATGATTACCTGG	563	494	587	503	360
ATIC_sg1	ATIC	ACACCACTGTCACTCGAGCG	639	578	589	226	377
ATIC_sg2	ATIC	AGTTGGTACATCACAAACAT	777	770	848	689	480
ATIC_sg3	ATIC	GCACAAGTTTATAAATCCAG	563	452	652	525	752
ATIC_sg4	ATIC	TGAATCTGGTCGCTTCCGGA	596	493	503	442	258
ATM_sg1	ATM	CCAAGGCTATTCAGTGTGCG	655	602	736	597	298
ATM_sg2	ATM	GACCTACCTGAATAACACAC	390	321	438	465	550
ATM_sg3	ATM	TCATCACCAAGTTCGCATGT	390	366	339	465	156
ATM_sg4	ATM	TCTACCCCAACAGCGACATG	308	345	304	442	434
RERE_sg1	RERE	CAGAGTGGTGTCATCCCGAG	576	497	657	291	651
RERE_sg2	RERE	CAGATGTCGACACTACGCAG	610	507	603	357	266
RERE_sg3	RERE	GTGTGTATATCGAGAGTCGG	733	725	852	546	901
RERE_sg4	RERE	TAGAGAGTTTAAAGCCCGAG	594	648	668	339	838
ATOH1_sg1	ATOH1	CTCGCCTGCAAAGTTGCAGG	713	747	804	382	374
ATOH1_sg2	ATOH1	GAGCTGCTACAAACGCCCAG	422	391	383	584	281
ATOH1_sg3	ATOH1	GCTGTGCAAGCTGAAAGGCG	516	584	421	173	772
ATOH1_sg4	ATOH1	GGAATGTAGCAAATACTGGG	711	784	650	571	680
ATOX1_sg1	ATOX1	TCAATGCAGACCTTCTTGTT	608	499	501	548	644
ATOX1_sg2	ATOX1	TCAGAAGCACGAGTTCTCTG	281	334	302	205	144
ATOX1_sg3	ATOX1	TCTCGGGTCCTCAATAAGCT	726	672	754	327	608
ATOX1_sg4	ATOX1	TTCTCTGTGGACATGACCTG	731	627	654	486	633
ATP1A1_sg1	ATP1A1	ATCCATTCAGGAGTAGTGGG	621	564	553	738	885
ATP1A1_sg2	ATP1A1	CCTGCCTCTTACCGTGACAG	441	409	388	573	610
ATP1A1_sg3	ATP1A1	GCAACCAGTTATGATTACAA	334	340	300	193	423
ATP1A1_sg4	ATP1A1	TGGTATTGTTGTCTACACTG	693	563	589	870	857
ATP1A2_sg1	ATP1A2	CATGAGAAGAGATGATCCGG	484	575	408	575	159
ATP1A2_sg2	ATP1A2	CTGAGGCGAGAGTAGCTATG	322	357	328	222	96
ATP1A2_sg3	ATP1A2	GTTCGACAACCAAATCCATG	562	632	626	506	539
ATP1A2_sg4	ATP1A2	TCGGGGCTTCAAATTCGACA	300	310	249	255	162
ATP1A3_sg1	ATP1A3	ACATGTGGGCGACTGTCATG	682	657	737	432	788
ATP1A3_sg2	ATP1A3	CACTCACGTTGTCACCAGAG	650	599	622	583	920
ATP1A3_sg3	ATP1A3	CTCGGATTCGCCAGTCAGGG	250	280	267	128	266
ATP1A3_sg4	ATP1A3	GCTCTCCATCCATGAGACCG	512	542	414	290	552
ATP12A_sg1	ATP12A	ACATCGCCTCAACATTGCTG	537	458	512	411	201
ATP12A_sg2	ATP12A	CACCATCATGATCAACGGCG	524	537	472	777	396
ATP12A_sg3	ATP12A	GTCGCTGACAGCAAAACGGA	224	211	268	149	332
ATP12A_sg4	ATP12A	TGGGTAAACTCAGAGGAGCG	617	511	725	570	397
ATP1A4_sg1	ATP1A4	AAGGAAATCCTGACTCGAGG	761	621	897	620	1139
ATP1A4_sg2	ATP1A4	CGCCAGGCCTGACGTCAGGG	218	241	234	107	249
ATP1A4_sg3	ATP1A4	GAGCATCGTACTGTCCGTCG	244	221	214	269	194
ATP1A4_sg4	ATP1A4	TGATGAAGGGTGCTCCGGAG	544	584	579	517	639
ATP1B1_sg1	ATP1B1	CCCAGTGAACCGAAAGAACG	759	857	894	259	850
ATP1B1_sg2	ATP1B1	CTTGGGATCATTAGGACGAA	469	388	480	655	189
ATP1B1_sg3	ATP1B1	TCCAAGGACTCATTCTTGGG	647	682	672	562	535
ATP1B1_sg4	ATP1B1	TGTGGGCTTAAATTCACTGA	219	204	245	209	179
ATP1B2_sg1	ATP1B2	AGGAGTTCGTGTGGAACCCG	727	681	774	231	667
ATP1B2_sg2	ATP1B2	AGTGCTGTAACCATAGTGGG	450	486	368	596	226
ATP1B2_sg3	ATP1B2	GTTCGTAATAGCGTCCAGGG	472	392	466	569	391
ATP1B2_sg4	ATP1B2	TGAGGAACCCATAAAAAACG	599	565	595	370	273
ATP1B3_sg1	ATP1B3	ACTGAATGTATATTCCAATG	791	856	927	524	1143
ATP1B3_sg2	ATP1B3	CCAGGAACCCATAAAAAACT	317	377	281	186	463
ATP1B3_sg3	ATP1B3	CGACCACCGGAGAATTCCTG	794	913	639	618	580
ATP1B3_sg4	ATP1B3	GCTTCAGACTCTCAACGATG	371	429	297	542	399
FXYD2_sg1	FXYD2	ACTGGGTTGTCGATGGACGG	437	360	416	478	583
FXYD2_sg2	FXYD2	CCAGGCTTACCATAGTAGAA	555	463	641	387	282
FXYD2_sg3	FXYD2	CTATGAGACCGTTCGCAATG	333	352	351	121	305
FXYD2_sg4	FXYD2	CTGGACTGGCCTTCATCGTG	359	386	295	495	385
ATP2A1_sg1	ATP2A1	GCGGTCGATGACGCCCTCAG	414	459	359	280	209
ATP2A1_sg2	ATP2A1	GGTGGTGAGTGCTGTCTCGG	613	631	653	902	567
ATP2A1_sg3	ATP2A1	TCACCCGGATCCCGGCGTCA	651	588	656	877	292
ATP2A1_sg4	ATP2A1	TTCAACGACCCCGTCCATGG	549	626	445	295	513
ATP2A2_sg1	ATP2A2	AGATAACAGAAGTACAACCA	442	518	496	423	276
ATP2A2_sg2	ATP2A2	GAGGCCACCTCGATTCTCGG	478	437	401	542	268
ATP2A2_sg3	ATP2A2	GTACACCAAATAAACCAAGC	767	912	691	647	454
ATP2A2_sg4	ATP2A2	GTTCAACTCGAGCAAAACAG	423	371	388	567	157
ATP2A3_sg1	ATP2A3	ATGATCACGGGGGATAACAA	702	641	741	335	396
ATP2A3_sg2	ATP2A3	CCTACTTACAAAGGAGACAA	379	307	304	243	285
ATP2A3_sg3	ATP2A3	GCCGTGTGGGTCATCAACAT	464	495	474	444	549
ATP2A3_sg4	ATP2A3	GGGTACCACGTATACCCCCG	477	517	559	464	540
ATP2B1_sg1	ATP2B1	AGAGGGCTGGAATTACTGTG	770	913	786	962	973
ATP2B1_sg2	ATP2B1	ATTGATGAAAGCTCATTGAC	258	283	258	370	206
ATP2B1_sg3	ATP2B1	GGCAAAAGTATTCAGACCAA	682	708	767	893	836
ATP2B1_sg4	ATP2B1	GGTGGATTACCTCGTCACGT	641	547	736	955	373
ATP2B2_sg1	ATP2B2	CCCAACGGACAAGCATACCC	233	238	237	129	148
ATP2B2_sg2	ATP2B2	CTGTACCACTGTCATGCGAT	461	372	494	521	601
ATP2B2_sg3	ATP2B2	GCAGGAACAGAAATTTACCG	478	538	510	320	204
ATP2B2_sg4	ATP2B2	TGGGCTCCGCACTATCTGCG	747	820	789	864	760
ATP2B3_sg1	ATP2B3	AACAGCAATGGCGAACTCCG	230	211	237	165	262
ATP2B3_sg2	ATP2B3	CTGGACCACGGTCATACGGT	772	919	869	1012	377
ATP2B3_sg3	ATP2B3	TCCCACCGACAAGCACACAC	228	257	200	317	290
ATP2B3_sg4	ATP2B3	TGTCTGGGAATTCACGCCAA	269	311	225	135	340
ATP2B4_sg1	ATP2B4	CCAGGAGGGAATCGACAATG	377	411	374	143	562
ATP2B4_sg2	ATP2B4	CGATACAGGTCAGTTCGGTG	576	555	621	861	606
ATP2B4_sg3	ATP2B4	TAGACTGAAAACCTCCCCTG	555	535	538	324	253
ATP2B4_sg4	ATP2B4	TGTGCGTAATGAAGTGCCCG	427	437	503	637	610
ATP4A_sg1	ATP4A	GATCAACGCTGACCAACTGG	513	494	413	484	561
ATP4A_sg2	ATP4A	GGGATGGGCCCAACGCACTG	745	643	851	593	1084
ATP4A_sg3	ATP4A	GGGGGCTTCACAGACCCTCA	292	242	301	265	292
ATP4A_sg4	ATP4A	TGGCTATGCCTTCGACGTAG	532	484	479	589	790
ATP4B_sg1	ATP4B	AGGCGTGGAGAGTCTGTGTG	776	691	656	837	1148
ATP4B_sg2	ATP4B	CTTAAGGCCGGATGTTTACG	678	781	735	209	330
ATP4B_sg3	ATP4B	GACAGTGGACCCGTACACAC	796	679	870	1146	897
ATP4B_sg4	ATP4B	GGCCTGGCGGATCCCAACTT	273	264	322	101	155
ATP5A1_sg1	ATP5A1	AAATTCGAGGAATGATACCG	649	774	726	803	426
ATP5A1_sg2	ATP5A1	ACCAACTGGAACGTCCACAA	712	723	710	722	593
ATP5A1_sg3	ATP5A1	AGGATAGGCCTCACGACCAG	587	699	495	209	315
ATP5A1_sg4	ATP5A1	TTATTGGTGACCGACAGACT	324	362	273	292	290
ALDH7A1_sg1	ALDH7A1	ACTCACCAGTCGCCTCGCAG	343	301	275	460	504
ALDH7A1_sg2	ALDH7A1	ATTCTTAATTTAGGCCAGTG	546	612	497	277	651
ALDH7A1_sg3	ALDH7A1	ATTGAGCAGTGGAATCCCGT	545	586	632	402	486
ALDH7A1_sg4	ALDH7A1	GGGCTCCGCGAGGAAAACGA	661	678	640	585	285
ATP5B_sg1	ATP5B	CTGCATAGTACCCATGTCAG	558	452	618	242	500
ATP5B_sg2	ATP5B	GCACCAATCAAAATTCCTGT	475	394	489	536	340
ATP5B_sg3	ATP5B	GGTGGACGTCCAGTTTGATG	752	742	717	1068	768
ATP5B_sg4	ATP5B	GTTGGTGAGAGGACCCGTGA	683	694	766	890	824
ATP5C1_sg1	ATP5C1	ACCACACAGTCCTCGATCTG	610	623	694	357	669
ATP5C1_sg2	ATP5C1	ATGAAAAAGCTGATATCAAG	282	295	301	248	257
ATP5C1_sg3	ATP5C1	CAAGTCTATGAAAATGGTAG	221	202	264	82	188
ATP5C1_sg4	ATP5C1	TATTTCGAACTTGAATCCTG	690	799	778	360	1028
ATP5D_sg1	ATP5D	CAACAACTGCACCGAAGAGT	247	216	282	234	86
ATP5D_sg2	ATP5D	CCACGCCCGTGCCTATGCCG	776	929	921	553	1163
ATP5D_sg3	ATP5D	CCCATTCCCCCAGTGAGCAG	233	221	199	166	309
ATP5D_sg4	ATP5D	CGCAGCGCCCGAACCTGCGT	351	309	330	107	240
ATP5E_sg1	ATP5E	ACTGGAGACAGGCTGGACTC	510	500	462	727	314
ATP5E_sg2	ATP5E	GAGACAGGCTGGACTCAGGT	448	404	424	168	571
ATP5E_sg3	ATP5E	GAGTCCAGCCTGTCTCCAGT	393	333	445	571	264
ATP5E_sg4	ATP5E	TTGCACAGATCTGGGAGTAT	322	317	332	124	445
ATP5F1_sg1	ATP5F1	AGCCCAGTTCCGAGTACATA	290	260	329	142	255
ATP5F1_sg2	ATP5F1	CAACAAGGACCTTTCATACA	493	558	564	226	524
ATP5F1_sg3	ATP5F1	CTTTGCTGATAAACTCAATG	689	555	582	858	576
ATP5F1_sg4	ATP5F1	TCGTTATGGACTGATCCCTG	724	642	802	644	411
ATP5G1_sg1	ATP5G1	AATGTCCCGGGAGACAACAC	539	593	589	459	554
ATP5G1_sg2	ATP5G1	ATTCACTGGGCTATTCAAGA	461	540	428	243	167
ATP5G1_sg3	ATP5G1	CAGATCCGCTGTTGTACCAG	758	781	821	711	919
ATP5G1_sg4	ATP5G1	CAGCAACTTCCCACTCCAGG	478	499	490	578	243
ATP5G2_sg1	ATP5G2	ACCGGAGATACTGACAGATG	637	612	735	214	334
ATP5G2_sg2	ATP5G2	AGAACCAGCCACCCCAACTG	755	746	698	1025	1092
ATP5G2_sg3	ATP5G2	GATGTCCCTTGAAATGGCGC	782	814	673	745	498
ATP5G2_sg4	ATP5G2	GCACCACTGCAGATAGCGGA	205	221	180	246	117
ATP5G3_sg1	ATP5G3	ATCAGTGTTATCTCGACCAG	254	266	206	243	377
ATP5G3_sg2	ATP5G3	CATTAAATACCGTAGAGCCC	504	540	461	269	309
ATP5G3_sg3	ATP5G3	GCCTGGGCTACGCACCAGAG	797	936	939	1066	1030
ATP5G3_sg4	ATP5G3	TGTGTCTCAGCTAATCCAAA	442	376	528	312	365
ATP5I_sg1	ATP5I	AACAGATTACCTAAAACCTC	547	505	570	200	734
ATP5I_sg2	ATP5I	CGAGGAACAGGGCGGAGTAG	307	356	278	355	320
ATP5I_sg3	ATP5I	CGGTCACTCACTGTAGCGCG	391	315	401	586	511
ATP5I_sg4	ATP5I	GTAGGCCACACCGAGGAACA	227	200	221	92	249
ATP5J_sg1	ATP5J	CCTCCGCAAATGGACTGAGA	261	299	298	372	268
ATP5J_sg2	ATP5J	GACGGCTGACCGAATGACAG	479	553	425	361	156
ATP5J_sg3	ATP5J	TACTCTGAACTAGCATCAAC	630	613	524	806	436
ATP5J_sg4	ATP5J	TCCACAAAGAGTTTCTGTAT	334	336	312	383	497
ATP6V1A_sg1	ATP6V1A	AGTGGTTACAGCCTGTGACA	796	838	838	296	372
ATP6V1A_sg2	ATP6V1A	ATGTTACCCCCACGAAACAG	679	739	786	687	807
ATP6V1A_sg3	ATP6V1A	GTAATCATCTATGTAGGATG	426	438	366	174	544
ATP6V1A_sg4	ATP6V1A	TGACTGCTGATATCCGACAA	674	601	710	436	492
ATP6V1B1_sg1	ATP6V1B1	AGCCCGAGAACACATGCAGG	488	466	584	671	605
ATP6V1B1_sg2	ATP6V1B1	CCGTCTGAATCATCTCCTCG	674	562	762	396	392
ATP6V1B1_sg3	ATP6V1B1	CCTCTGACACCGGAGTTCGT	242	269	225	147	320
ATP6V1B1_sg4	ATP6V1B1	GCTACACCTCCAGGATCGAG	435	364	441	530	294
ATP6V1B2_sg1	ATP6V1B2	CTCTGATACTCACTGAGGCG	676	752	754	847	672
ATP6V1B2_sg2	ATP6V1B2	TCAATGTCGAATCTACCCAG	309	325	289	427	267
ATP6V1B2_sg3	ATP6V1B2	TGCTGGGCTACCACACAATG	560	488	532	592	770
ATP6V1B2_sg4	ATP6V1B2	TGGGGATATTCTCCGAACAC	316	364	285	254	293
ATP6V0C_sg1	ATP6V0C	CAAGAGCGGTACCGGCATTG	671	721	670	333	389
ATP6V0C_sg2	ATP6V0C	CATTCAGGGAGTTGGCGATG	693	798	801	635	970
ATP6V0C_sg3	ATP6V0C	TCGGCCGCCATGGTCTTCAG	318	255	329	459	213
ATP6V0C_sg4	ATP6V0C	TGATGCCAGCCATGACCACT	571	533	640	713	629
ATP6V1C1_sg1	ATP6V1C1	ACTGCTTAATCCAGTCGTTG	323	335	374	297	310
ATP6V1C1_sg2	ATP6V1C1	ATCAACTGCCTTCCTAAACA	657	533	666	411	511
ATP6V1C1_sg3	ATP6V1C1	GAGAATCTGTTGGCTAATGG	201	168	212	70	174
ATP6V1C1_sg4	ATP6V1C1	TAAGAAAGTAGCTCAATACA	416	368	463	468	395
ATP6V1E1_sg1	ATP6V1E1	AGTTCAACATAGAGAAAGGT	750	635	675	872	316
ATP6V1E1_sg2	ATP6V1E1	AGTTCTTTACCTTTACCAGA	621	651	589	747	807
ATP6V1E1_sg3	ATP6V1E1	CTGCAACGAACAATCATTCG	201	185	222	156	93
ATP6V1E1_sg4	ATP6V1E1	TAAGGTCATCTCTTGCTCTG	210	217	175	101	280
ATP6V0B_sg1	ATP6V0B	CCCAGGTTGGACCACATGAA	739	685	846	479	617
ATP6V0B_sg2	ATP6V0B	GCCGGTAATATAGATGCCCC	243	277	221	359	134
ATP6V0B_sg3	ATP6V0B	GGCCATCGGAACTACCATGC	472	415	395	185	357
ATP6V0B_sg4	ATP6V0B	TTTGGGCTTCCGCTTTGATG	766	851	689	629	850
ATP6V1G2_sg1	ATP6V1G2	ATTCGTGCTCTCGCTCTCTG	333	300	313	287	206
ATP6V1G2_sg2	ATP6V1G2	CAGAAGCTGCTGGATACCTT	724	825	840	1005	453
ATP6V1G2_sg3	ATP6V1G2	CCCAGGCCATGGGCTCCCAG	689	685	647	304	660
ATP6V1G2_sg4	ATP6V1G2	GCGACTGAAGCAGGCAAAGG	233	221	210	301	113
ATP6V0A1_sg1	ATP6V0A1	AAAGGTTCTGAATCAAACGG	776	867	731	1033	1067
ATP6V0A1_sg2	ATP6V0A1	AACATTCCGATTATGGACAC	221	206	235	277	278
ATP6V0A1_sg3	ATP6V0A1	ATTGCATCATCAGCAGATGG	463	393	420	510	492
ATP6V0A1_sg4	ATP6V0A1	GTCCAATTATAAGTAAACAT	650	659	657	300	708
ATP6AP1_sg1	ATP6AP1	CGAAGATGTCCCATACACAG	765	711	623	1063	289
ATP6AP1_sg2	ATP6AP1	GCCGCCAACGACAAAAACAC	556	645	480	250	424
ATP6AP1_sg3	ATP6AP1	GCTGACTGCATACCAGTCGA	658	720	770	387	779
ATP6AP1_sg4	ATP6AP1	GTTACAATGACACCGCTCCC	371	305	381	374	541
ATP7A_sg1	ATP7A	AAATTCATAACAGACAATCC	587	531	502	566	292
ATP7A_sg2	ATP7A	AATTACAATCCATACCAAGA	559	532	464	588	600
ATP7A_sg3	ATP7A	CAATAGAGGCTGTATCACCG	655	655	761	453	792
ATP7A_sg4	ATP7A	CTTTACTCTCCATACAGGGG	624	590	552	895	749
ATP5O_sg1	ATP5O	ACCATGATGAGTGTCCATCG	685	723	627	234	946
ATP5O_sg2	ATP5O	ATACCGTATACCTGAACAGG	472	500	533	374	294
ATP5O_sg3	ATP5O	CTGATCAGATTGGTAGTGAG	458	395	502	648	487
ATP5O_sg4	ATP5O	GGTCGATTAAGCAATACCCA	543	583	595	517	259
ATP7B_sg1	ATP7B	AGGGACCATGTAAATGACAT	562	478	562	689	332
ATP7B_sg2	ATP7B	ATGAACTGAGCTATCTCGAG	788	707	717	372	603
ATP7B_sg3	ATP7B	CTCACCAAGGGTCACAACGG	216	220	200	98	135
ATP7B_sg4	ATP7B	CTCATTAAAGCTACCCACGT	380	421	386	205	563
